timestamp,close,FAST_IND,SLOW_IND,action,position,stop_reason,error_message
2025-01-07 05:26:00,100740.7,100740.7,100740.7,PREFILL,NONE,,
2025-01-07 05:27:00,100999.9,100871.59599999999,100870.62399999998,PREFILL,NONE,,
2025-01-07 05:28:00,101000.0,100915.25618479383,100913.96513923928,PREFILL,NONE,,
2025-01-07 05:29:00,100999.8,100937.03040170982,100935.58506235507,PREFILL,NONE,,
2025-01-07 05:30:00,100999.3,100949.98740901881,100948.45579753401,PREFILL,NONE,,
2025-01-07 05:31:00,100740.8,100913.35660811324,100913.41244327571,PREFILL,NONE,,
2025-01-07 05:32:00,100669.3,100876.36496113228,100878.01396492592,PREFILL,NONE,,
2025-01-07 05:33:00,100999.1,100892.80202580044,100893.41591603818,PREFILL,NONE,,
2025-01-07 05:34:00,100999.2,100905.59161592874,100905.40614668,PREFILL,NONE,,
2025-01-07 05:35:00,100740.2,100887.52466336823,100888.5113464055,PREFILL,NONE,,
2025-01-07 05:36:00,100999.3,100898.73234803537,100898.83671819256,PREFILL,NONE,,
2025-01-07 05:37:00,100999.1,100908.0466832998,100907.42367152775,PREFILL,NONE,,
2025-01-07 05:38:00,100999.1,100915.92174700342,100914.6891918544,PREFILL,NONE,,
2025-01-07 05:39:00,100999.0,100922.65785217323,100920.90906609427,PREFILL,NONE,,
2025-01-07 05:40:00,100999.1,100928.49801051385,100926.30621187451,PREFILL,NONE,,
2025-01-07 05:41:00,100999.1,100933.60304881321,100931.02841931158,PREFILL,NONE,,
2025-01-07 05:42:00,100998.9,100938.08896004269,100935.18255403248,PREFILL,NONE,,
2025-01-07 05:43:00,100760.1,100926.43113579591,100925.0368588689,PREFILL,NONE,,
2025-01-07 05:44:00,100559.4,100903.44202802193,100904.91459628711,PREFILL,NONE,,
2025-01-07 05:45:00,100649.1,100888.1655782416,100891.5072178878,PREFILL,NONE,,
2025-01-07 05:46:00,100999.9,100894.61690626023,100896.93093217998,PREFILL,NONE,,
2025-01-07 05:47:00,100800.0,100889.35358019028,100892.28982355616,PREFILL,NONE,,
2025-01-07 05:48:00,100236.6,100854.29824844444,100862.18625250594,PREFILL,NONE,,
2025-01-07 05:49:00,100709.5,100846.77701899453,100855.45182650903,PREFILL,NONE,,
2025-01-07 05:50:00,100639.1,100836.32560603935,100846.26858460213,PREFILL,NONE,,
2025-01-07 05:51:00,100517.9,100820.77537960961,100832.83393347303,PREFILL,NONE,,
2025-01-07 05:52:00,100849.8,100822.15279866745,100833.50399905408,PREFILL,NONE,,
2025-01-07 05:53:00,100859.6,100823.8821036433,100834.50026824842,PREFILL,NONE,,
2025-01-07 05:54:00,100891.2,100826.9109378068,100836.59536334677,PREFILL,NONE,,
2025-01-07 05:55:00,100650.0,100819.14677112624,100829.91408777698,PREFILL,NONE,,
2025-01-07 05:56:00,100738.1,100815.67349199843,100826.72485973177,PREFILL,NONE,,
2025-01-07 05:57:00,100901.0,100819.24778126081,100829.23032678744,PREFILL,NONE,,
2025-01-07 05:58:00,100900.6,100822.58194572365,100831.57051780762,PREFILL,NONE,,
2025-01-07 05:59:00,100999.9,100829.69845930443,100836.94069051431,PREFILL,NONE,,
2025-01-07 06:00:00,100635.4,100822.0558423657,100830.67951008186,PREFILL,NONE,,
2025-01-07 06:01:00,100999.8,100828.91336140383,100835.79996897797,PREFILL,NONE,,
2025-01-07 06:02:00,100882.3,100830.9350969159,100837.1731234881,PREFILL,NONE,,
2025-01-07 06:03:00,100872.3,100832.47377266907,100838.18557831543,PREFILL,NONE,,
2025-01-07 06:04:00,100608.7,100824.29224482508,100831.72514817005,PREFILL,NONE,,
2025-01-07 06:05:00,100999.9,100830.60691437809,100836.35238501012,PREFILL,NONE,,
2025-01-07 06:06:00,100588.6,100822.04296850205,100829.68579459554,PREFILL,NONE,,
2025-01-07 06:07:00,100608.6,100814.60573148595,100823.8643663124,PREFILL,NONE,,
2025-01-07 06:08:00,100747.8,100812.31243919177,100821.9033639666,PREFILL,NONE,,
2025-01-07 06:09:00,100747.8,100810.12957832028,100820.0318331802,PREFILL,NONE,,
2025-01-07 06:10:00,100878.7,100812.41763494845,100821.48410276452,PREFILL,NONE,,
2025-01-07 06:11:00,100737.9,100809.96441223708,100819.45516980681,PREFILL,NONE,,
2025-01-07 06:12:00,100800.0,100809.6406181061,100818.99184802773,PREFILL,NONE,,
2025-01-07 06:13:00,100737.9,100807.33862213128,100817.0963457549,PREFILL,NONE,,
2025-01-07 06:14:00,100737.9,100805.13753414809,100815.27857416522,PREFILL,NONE,,
2025-01-07 06:15:00,100640.0,100799.96449128857,100811.32645461662,PREFILL,NONE,,
2025-01-07 06:16:00,100859.8,100801.81752454322,100812.40055766837,PREFILL,NONE,,
2025-01-07 06:17:00,100640.0,100796.8615738945,100808.6449012254,PREFILL,NONE,,
2025-01-07 06:18:00,100850.0,100798.47160481237,100809.53091815306,PREFILL,NONE,,
2025-01-07 06:19:00,100850.0,100800.01663579154,100810.38393146383,PREFILL,NONE,,
2025-01-07 06:20:00,100999.9,100805.9495430715,100814.31532079054,PREFILL,NONE,,
2025-01-07 06:21:00,101009.0,100811.91749296515,100818.29128111016,PREFILL,NONE,,
2025-01-07 06:22:00,101009.8,100817.6783060381,100822.14292985217,PREFILL,NONE,,
2025-01-07 06:23:00,100840.0,100818.32214731979,100822.49672263935,PREFILL,NONE,,
2025-01-07 06:24:00,101560.7,100839.54322982834,100836.90870111463,PREFILL,NONE,,
2025-01-07 06:25:00,101550.8,100859.69768460363,100850.64635179099,PREFILL,NONE,,
2025-01-07 06:26:00,101550.7,100879.11250689026,100863.92837396935,PREFILL,NONE,,
2025-01-07 06:27:00,101550.7,100897.82661192886,100876.77868232595,PREFILL,NONE,,
2025-01-07 06:28:00,101743.3,100921.19767767996,100892.77282176587,PREFILL,NONE,,
2025-01-07 06:29:00,101752.9,100944.00921947499,100908.43792472573,PREFILL,NONE,,
2025-01-07 06:30:00,101762.8,100966.29667540573,100923.7949338787,PREFILL,NONE,,
2025-01-07 06:31:00,101762.5,100987.80971817691,100938.67723026316,PREFILL,NONE,,
2025-01-07 06:32:00,101762.0,101008.5780820087,100953.10255581621,PREFILL,NONE,,
2025-01-07 06:33:00,101689.2,101026.70903804837,100965.83997606343,PREFILL,NONE,,
2025-01-07 06:34:00,101516.2,101039.65995025681,100975.24753076813,PREFILL,NONE,,
2025-01-07 06:35:00,101688.2,101056.70551609987,100987.28858415461,PREFILL,NONE,,
2025-01-07 06:36:00,101689.2,101073.22231127605,100999.00373768357,PREFILL,NONE,,
2025-01-07 06:37:00,101698.2,101089.44044987194,101010.53858400462,PREFILL,NONE,,
2025-01-07 06:38:00,101490.0,101099.77143485082,101018.35839577916,PREFILL,NONE,,
2025-01-07 06:39:00,101505.0,101110.16061519552,101026.20645727604,PREFILL,NONE,,
2025-01-07 06:40:00,101515.1,101120.482146695,101034.00397565942,PREFILL,NONE,,
2025-01-07 06:41:00,101514.9,101130.47864300848,101041.5907742167,PREFILL,NONE,,
2025-01-07 06:42:00,101504.9,101139.91601836875,101048.82209907915,PREFILL,NONE,,
2025-01-07 06:43:00,101687.3,101153.63880835156,101058.68273012411,PREFILL,NONE,,
2025-01-07 06:44:00,101505.0,101162.40119387109,101065.5043095005,PREFILL,NONE,,
2025-01-07 06:45:00,101342.4,101166.86713692853,101069.69329197031,PREFILL,NONE,,
2025-01-07 06:46:00,101687.5,101179.72015720724,101078.94587589859,PREFILL,NONE,,
2025-01-07 06:47:00,101687.5,101192.19492784531,101087.9697492617,PREFILL,NONE,,
2025-01-07 06:48:00,101464.9,101198.8627759713,101093.5045480869,PREFILL,NONE,,
2025-01-07 06:49:00,101432.2,101204.54165014891,101098.43015131801,PREFILL,NONE,,
2025-01-07 06:50:00,101564.5,101213.26262671385,101105.14399058578,PREFILL,NONE,,
2025-01-07 06:51:00,101697.1,101224.93326039604,101113.59169003082,PREFILL,NONE,,
2025-01-07 06:52:00,101632.3,101234.71709072092,101120.9259979992,PREFILL,NONE,,
2025-01-07 06:53:00,101697.2,101245.77803516886,101129.00036277137,PREFILL,NONE,,
2025-01-07 06:54:00,101697.4,101256.53496554708,101136.8931740907,PREFILL,NONE,,
2025-01-07 06:55:00,101699.9,101267.05298354024,101144.64214651975,PREFILL,NONE,,
2025-01-07 06:56:00,101622.3,101275.44764706942,101151.15922016598,PREFILL,NONE,,
2025-01-07 06:57:00,101612.3,101283.37727683848,101157.39694250294,PREFILL,NONE,,
2025-01-07 06:58:00,101612.3,101291.0914017483,101163.49818921523,PREFILL,NONE,,
2025-01-07 06:59:00,101699.7,101300.6395178626,101170.62974936939,PREFILL,NONE,,
2025-01-07 07:00:00,101699.8,101309.9337185451,101177.60976660994,PREFILL,NONE,,
2025-01-07 07:01:00,101602.3,101316.7176591265,101183.16606267318,PREFILL,NONE,,
2025-01-07 07:02:00,101700.0,101325.58102706331,101189.87358907856,PREFILL,NONE,,
2025-01-07 07:03:00,101602.4,101331.96123870353,101195.18496027474,PREFILL,NONE,,
2025-01-07 07:04:00,101592.7,101337.95138248826,101200.2630026053,PREFILL,NONE,,
2025-01-07 07:05:00,101592.7,101343.78540617817,101205.2374400374,PREFILL,NONE,,
2025-01-07 07:06:00,101700.0,101351.91790878423,101211.46108300943,PREFILL,NONE,,
2025-01-07 07:07:00,101700.0,101359.84075027167,101217.56013737945,PREFILL,NONE,,
2025-01-07 07:08:00,101701.9,101367.60352990235,101223.56177684257,PREFILL,NONE,,
2025-01-07 07:09:00,101701.4,101375.1569453615,101229.4393354605,PREFILL,NONE,,
2025-01-07 07:10:00,101701.1,101382.51185635841,101235.19879056247,PREFILL,NONE,,
2025-01-07 07:11:00,101679.3,101389.1904330927,101240.58282528137,PREFILL,NONE,,
2025-01-07 07:12:00,101562.6,101393.08213025927,101244.4591205409,PREFILL,NONE,,
2025-01-07 07:13:00,101532.6,101396.20497711371,101247.90334664278,PREFILL,NONE,,
2025-01-07 07:14:00,101532.6,101399.25006504239,101251.28286214895,PREFILL,NONE,,
2025-01-07 07:15:00,101590.9,101403.51797666699,101255.28675685513,PREFILL,NONE,,
2025-01-07 07:16:00,101591.4,101407.69168160082,101259.22257157748,PREFILL,NONE,,
2025-01-07 07:17:00,101532.5,101410.45756306841,101262.40122452854,PREFILL,NONE,,
2025-01-07 07:18:00,101591.4,101414.4579974389,101266.20274816602,PREFILL,NONE,,
2025-01-07 07:19:00,101590.9,101418.34995390417,101269.93008989349,PREFILL,NONE,,
2025-01-07 07:20:00,101522.7,101420.64652540036,101272.81303043586,PREFILL,NONE,,
2025-01-07 07:21:00,101522.7,101422.88760852568,101275.64491525429,PREFILL,NONE,,
2025-01-07 07:22:00,101707.5,101429.12420745079,101280.50812569054,PREFILL,NONE,,
2025-01-07 07:23:00,101709.4,101435.25284494186,101285.30785483918,PREFILL,NONE,,
2025-01-07 07:24:00,101709.0,101441.22639206046,101290.02016116926,PREFILL,NONE,,
2025-01-07 07:25:00,101709.6,101447.0708783477,101294.65827799789,PREFILL,NONE,,
2025-01-07 07:26:00,101711.9,101452.82680433079,101299.24273646751,PREFILL,NONE,,
2025-01-07 07:27:00,101711.8,101458.44459830345,101303.7486885462,PREFILL,NONE,,
2025-01-07 07:28:00,101707.5,101463.83705492462,101308.1324466876,PREFILL,NONE,,
2025-01-07 07:29:00,101719.9,101469.37100042822,101312.57715114849,PREFILL,NONE,,
2025-01-07 07:30:00,101719.9,101474.77556763863,101316.948495564,PREFILL,NONE,,
2025-01-07 07:31:00,101505.0,101475.42643541614,101318.95511705602,PREFILL,NONE,,
2025-01-07 07:32:00,101719.9,101480.68194405269,101323.20926105081,PREFILL,NONE,,
2025-01-07 07:33:00,101515.0,101481.41843922676,101325.23283950605,PREFILL,NONE,,
2025-01-07 07:34:00,101492.7,101481.66015031135,101326.9900047169,PREFILL,NONE,,
2025-01-07 07:35:00,101422.4,101480.39254021016,101327.98562228576,PREFILL,NONE,,
2025-01-07 07:36:00,101504.3,101480.90312396841,101329.81552059646,PREFILL,NONE,,
2025-01-07 07:37:00,101452.7,101480.30173409809,101331.08405203166,PREFILL,NONE,,
2025-01-07 07:38:00,101514.9,101481.03837008282,101332.97150613995,PREFILL,NONE,,
2025-01-07 07:39:00,101505.0,101481.54778154005,101334.7286457937,PREFILL,NONE,,
2025-01-07 07:40:00,101525.0,101482.47020807867,101336.66201716861,PREFILL,NONE,,
2025-01-07 07:41:00,101514.9,101483.15766406438,101338.4637942637,PREFILL,NONE,,
2025-01-07 07:42:00,101555.0,101484.67847489163,101340.64156847536,PREFILL,NONE,,
2025-01-07 07:43:00,101555.0,101486.16506030252,101342.78656542732,PREFILL,NONE,,
2025-01-07 07:44:00,101555.0,101487.6182753535,101344.89949336434,PREFILL,NONE,,
2025-01-07 07:45:00,101688.1,101491.84522774373,101348.29971345248,PREFILL,NONE,,
2025-01-07 07:46:00,101633.4,101494.8259442576,101351.11048361802,PREFILL,NONE,,
2025-01-07 07:47:00,101737.3,101499.92531673619,101354.89942334537,PREFILL,NONE,,
2025-01-07 07:48:00,101699.9,101504.1257416486,101358.26800616393,PREFILL,NONE,,
2025-01-07 07:49:00,101767.5,101509.65121484795,101362.24474925929,PREFILL,NONE,,
2025-01-07 07:50:00,101767.8,101515.06068994549,101366.16720990777,PREFILL,NONE,,
2025-01-07 07:51:00,101767.2,101520.3381529026,101370.02784573016,PREFILL,NONE,,
2025-01-07 07:52:00,101772.9,101525.61849961775,101373.88827928883,PREFILL,NONE,,
2025-01-07 07:53:00,101772.9,101530.78274203787,101377.69423369202,PREFILL,NONE,,
2025-01-07 07:54:00,101730.4,101534.94705528732,101381.04325978714,PREFILL,NONE,,
2025-01-07 07:55:00,101730.4,101539.02017925029,101384.34560008354,PREFILL,NONE,,
2025-01-07 07:56:00,101677.5,101541.90302619949,101387.10436225677,PREFILL,NONE,,
2025-01-07 07:57:00,101640.0,101543.94311821954,101389.47378471296,PREFILL,NONE,,
2025-01-07 07:58:00,101687.4,101546.9235813441,101392.25292913732,PREFILL,NONE,,
2025-01-07 07:59:00,101630.0,101548.64789917055,101394.46111934993,PREFILL,NONE,,
2025-01-07 08:00:00,101610.0,101549.92009787077,101396.4544680244,PREFILL,NONE,,
2025-01-07 08:01:00,101584.6,101550.63855012371,101398.18709511138,PREFILL,NONE,,
2025-01-07 08:02:00,101650.0,101552.69510784188,101400.49628519283,PREFILL,NONE,,
2025-01-07 08:03:00,101699.7,101555.73505419724,101403.2286327024,PREFILL,NONE,,
2025-01-07 08:04:00,101710.0,101558.9223367838,101406.01852569636,PREFILL,NONE,,
2025-01-07 08:05:00,101659.8,101561.00479062705,101408.31706912821,PREFILL,NONE,,
2025-01-07 08:06:00,101601.9,101561.84829541897,101410.06327732147,PREFILL,NONE,,
2025-01-07 08:07:00,101591.9,101562.4676316787,101411.69694078845,PREFILL,NONE,,
2025-01-07 08:08:00,101545.9,101562.1264643191,101412.8978526423,PREFILL,NONE,,
2025-01-07 08:09:00,101545.9,101561.79258632049,101414.08332260195,PREFILL,NONE,,
2025-01-07 08:10:00,101545.6,101561.45966313599,101415.25096857469,PREFILL,NONE,,
2025-01-07 08:11:00,101514.9,101560.503111381,101416.13225478279,PREFILL,NONE,,
2025-01-07 08:12:00,101505.0,101559.36366588202,101416.9151731357,PREFILL,NONE,,
2025-01-07 08:13:00,101505.1,101558.25047520919,101417.689116709,PREFILL,NONE,,
2025-01-07 08:14:00,101514.9,101557.36179610496,101418.53905609368,PREFILL,NONE,,
2025-01-07 08:15:00,101464.3,101555.45537186104,101418.93765858132,PREFILL,NONE,,
2025-01-07 08:16:00,101515.0,101554.62718651789,101419.77130966535,PREFILL,NONE,,
2025-01-07 08:17:00,101505.0,101553.61191946758,101420.50822410536,PREFILL,NONE,,
2025-01-07 08:18:00,101595.5,101554.46829911297,101422.01574312062,PREFILL,NONE,,
2025-01-07 08:19:00,101595.5,101555.30663190852,101423.5048736865,PREFILL,NONE,,
2025-01-07 08:20:00,101588.0,101555.974181227,101424.91178513577,PREFILL,NONE,,
2025-01-07 08:21:00,101587.0,101556.6072913801,101426.29318528614,PREFILL,NONE,,
2025-01-07 08:22:00,101575.0,101556.98238485756,101427.55607786612,PREFILL,NONE,,
2025-01-07 08:23:00,101565.1,101557.1478343424,101428.72008975911,PREFILL,NONE,,
2025-01-07 08:24:00,101606.0,101558.14293991173,101430.21518495712,PREFILL,NONE,,
2025-01-07 08:25:00,101565.0,101558.28253713797,101431.34799289999,PREFILL,NONE,,
2025-01-07 08:26:00,101565.0,101558.41921639927,101432.46745484215,PREFILL,NONE,,
2025-01-07 08:27:00,101575.0,101558.75639952108,101433.6572681076,PREFILL,NONE,,
2025-01-07 08:28:00,101575.1,101559.08858202171,101434.83402991058,PREFILL,NONE,,
2025-01-07 08:29:00,101625.4,101560.43565236084,101436.41421710532,PREFILL,NONE,,
2025-01-07 08:30:00,101699.0,101563.24904934508,101438.58442639302,PREFILL,NONE,,
2025-01-07 08:31:00,101777.7,101567.60105613829,101441.37798114386,PREFILL,NONE,,
2025-01-07 08:32:00,101645.1,101569.17302473912,101443.05075854993,PREFILL,NONE,,
2025-01-07 08:33:00,101718.0,101572.19033911555,101445.30113405205,PREFILL,NONE,,
2025-01-07 08:34:00,101635.1,101573.46516629604,101446.84962896624,PREFILL,NONE,,
2025-01-07 08:35:00,101514.9,101572.27892628955,101447.40307039338,PREFILL,NONE,,
2025-01-07 08:36:00,101535.0,101571.52418195318,101448.1132467556,PREFILL,NONE,,
2025-01-07 08:37:00,101555.2,101571.1938313092,101448.97873322465,PREFILL,NONE,,
2025-01-07 08:38:00,101515.0,101570.05713738866,101449.51067794487,PREFILL,NONE,,
2025-01-07 08:39:00,101455.1,101567.73276441862,101449.55557426,PREFILL,NONE,,
2025-01-07 08:40:00,101545.4,101567.28139608983,101450.32310894862,PREFILL,NONE,,
2025-01-07 08:41:00,101624.9,101568.44545166253,101451.7169333249,PREFILL,NONE,,
2025-01-07 08:42:00,101634.8,101569.78546047119,101453.1743041412,PREFILL,NONE,,
2025-01-07 08:43:00,101634.8,101571.0978928413,101454.61578904808,PREFILL,NONE,,
2025-01-07 08:44:00,101535.6,101570.38158130688,101455.25663596191,PREFILL,NONE,,
2025-01-07 08:45:00,101545.5,101569.87968540817,101455.96866951186,PREFILL,NONE,,
2025-01-07 08:46:00,101545.5,101569.38809503842,101456.67304049185,PREFILL,NONE,,
2025-01-07 08:47:00,101545.4,101568.9045756828,101457.36907879545,PREFILL,NONE,,
2025-01-07 08:48:00,101644.8,101570.43382993831,101458.83523312586,PREFILL,NONE,,
2025-01-07 08:49:00,101644.8,101571.93174995214,101460.28580650796,PREFILL,NONE,,
2025-01-07 08:50:00,101644.7,101573.39698494392,101461.72025031548,PREFILL,NONE,,
2025-01-07 08:51:00,101422.4,101570.35757874073,101461.41525363828,PREFILL,NONE,,
2025-01-07 08:52:00,101460.3,101568.1429626083,101461.40662680319,PREFILL,NONE,,
2025-01-07 08:53:00,101422.5,101565.21322381953,101461.10649659,PREFILL,NONE,,
2025-01-07 08:54:00,101422.5,101562.3433202636,101460.80949142558,PREFILL,NONE,,
2025-01-07 08:55:00,101422.4,101559.52998370868,101460.51479917119,PREFILL,NONE,,
2025-01-07 08:56:00,101460.2,101557.53371502193,101460.51239037923,PREFILL,NONE,,
2025-01-07 08:57:00,101450.1,101555.37522041034,101460.43292817664,PREFILL,NONE,,
2025-01-07 08:58:00,101480.2,101553.86528139697,101460.58338287327,PREFILL,NONE,,
2025-01-07 08:59:00,101470.2,101552.18529092889,101460.65638704933,PREFILL,NONE,,
2025-01-07 09:00:00,101545.0,101552.041051094,101461.29501537343,PREFILL,NONE,,
2025-01-07 09:01:00,101525.0,101551.49836815514,101461.7761299651,PREFILL,NONE,,
2025-01-07 09:02:00,101638.5,101553.24392546118,101463.10737474884,PREFILL,NONE,,
2025-01-07 09:03:00,101638.5,101554.95401355372,101464.42523693028,PREFILL,NONE,,
2025-01-07 09:04:00,101638.5,101556.62937091099,101465.72990107027,PREFILL,NONE,,
2025-01-07 09:05:00,101638.6,101558.27272473944,101467.02229598853,PREFILL,NONE,,
2025-01-07 09:06:00,101635.1,101559.81258523146,101468.27574316657,PREFILL,NONE,,
2025-01-07 09:07:00,101635.1,101561.3212182363,101469.51677733229,PREFILL,NONE,,
2025-01-07 09:08:00,101671.7,101563.53250053535,101471.01717445631,PREFILL,NONE,,
2025-01-07 09:09:00,101505.0,101562.36015644297,101471.26874804552,PREFILL,NONE,,
2025-01-07 09:10:00,101514.9,101561.40979539086,101471.59097026964,PREFILL,NONE,,
2025-01-07 09:11:00,101504.9,101560.2784723947,101471.83637322191,PREFILL,NONE,,
2025-01-07 09:12:00,101504.9,101559.17004002196,101472.07938981545,PREFILL,NONE,,
2025-01-07 09:13:00,101782.5,101563.63916460505,101474.35559392946,PREFILL,NONE,,
2025-01-07 09:14:00,101687.5,101566.11726317914,101475.91484954658,PREFILL,NONE,,
2025-01-07 09:15:00,101475.0,101564.29464306912,101475.90817251838,PREFILL,NONE,,
2025-01-07 09:16:00,101475.0,101562.50883987016,101475.90155950491,PREFILL,NONE,,
2025-01-07 09:17:00,101475.0,101560.75909566907,101475.89500967147,PREFILL,NONE,,
2025-01-07 09:18:00,101474.9,101559.04266959784,101475.88779734807,PREFILL,NONE,,
2025-01-07 09:19:00,101460.2,101557.06706016407,101475.77434093604,PREFILL,NONE,,
2025-01-07 09:20:00,101484.9,101555.62489462753,101475.8401912096,PREFILL,NONE,,
2025-01-07 09:21:00,101484.9,101554.21180570661,101475.90542095207,PREFILL,NONE,,
2025-01-07 09:22:00,101494.9,101553.02696221232,101476.0418781804,PREFILL,NONE,,
2025-01-07 09:23:00,101450.2,101550.97319577282,101475.8566367716,PREFILL,NONE,,
2025-01-07 09:24:00,101450.1,101548.95879654854,101475.67240814916,PREFILL,NONE,,
2025-01-07 09:25:00,101422.5,101546.43388591219,101475.29290534323,PREFILL,NONE,,
2025-01-07 09:26:00,101435.1,101544.21132849088,101475.00665536066,PREFILL,NONE,,
2025-01-07 09:27:00,101445.1,101542.2330883989,101474.7941166917,PREFILL,NONE,,
2025-01-07 09:28:00,101642.2,101544.22809093306,101475.98131000699,PREFILL,NONE,,
2025-01-07 09:29:00,101652.8,101546.39448517677,101477.23262319862,PREFILL,NONE,,
2025-01-07 09:30:00,101717.4,101549.80613397181,101478.92869975383,PREFILL,NONE,,
2025-01-07 09:31:00,101707.2,101552.9457569509,101480.53742814188,PREFILL,NONE,,
2025-01-07 09:32:00,101642.8,101554.7378686204,101481.67861321176,PREFILL,NONE,,
2025-01-07 09:33:00,101642.8,101556.49398669538,101482.80945932296,PREFILL,NONE,,
2025-01-07 09:34:00,101642.8,101558.2148439788,101483.93009240107,PREFILL,NONE,,
2025-01-07 09:35:00,101632.9,101559.70378871812,101484.97143266186,PREFILL,NONE,,
2025-01-07 09:36:00,101633.0,101561.16484682515,101486.00412448293,PREFILL,NONE,,
2025-01-07 09:37:00,101613.0,101562.19797257437,101486.88832744201,PREFILL,NONE,,
2025-01-07 09:38:00,101633.1,101563.61093765925,101487.90431301348,PREFILL,NONE,,
2025-01-07 09:39:00,101656.8,101565.46781326806,101489.07562651788,PREFILL,NONE,,
2025-01-07 09:40:00,101633.1,101566.8152782464,101490.07251270181,PREFILL,NONE,,
2025-01-07 09:41:00,101656.9,101568.60985673459,101491.22500498331,PREFILL,NONE,,
2025-01-07 09:42:00,101633.1,101569.89441251449,101492.20323931884,PREFILL,NONE,,
2025-01-07 09:43:00,101666.4,101571.81644809991,101493.40204691046,PREFILL,NONE,,
2025-01-07 09:44:00,101505.0,101570.4858628685,101493.48171214054,PREFILL,NONE,,
2025-01-07 09:45:00,101608.3,101571.23881062806,101494.2689069668,PREFILL,NONE,,
2025-01-07 09:46:00,101523.9,101570.2963129289,101494.47167903259,PREFILL,NONE,,
2025-01-07 09:47:00,101608.4,101571.05486118411,101495.24987142766,PREFILL,NONE,,
2025-01-07 09:48:00,101623.0,101572.08884873286,101496.12086902639,PREFILL,NONE,,
2025-01-07 09:49:00,101622.9,101573.10015926663,101496.98366707843,PREFILL,NONE,,
2025-01-07 09:50:00,101608.4,101573.80267205289,101497.74053730158,PREFILL,NONE,,
2025-01-07 09:51:00,101623.0,101574.78166569206,101498.58991260908,PREFILL,NONE,,
2025-01-07 09:52:00,101623.1,101575.7430743622,101499.43269501443,PREFILL,NONE,,
2025-01-07 09:53:00,101608.3,101576.39081036107,101500.16828446562,PREFILL,NONE,,
2025-01-07 09:54:00,101623.0,101577.31803633737,101500.9967622241,PREFILL,NONE,,
2025-01-07 09:55:00,101571.0,101577.19235917802,101501.46809316766,PREFILL,NONE,,
2025-01-07 09:56:00,101571.1,101577.07118203014,101501.9361070466,PREFILL,NONE,,
2025-01-07 09:57:00,101622.1,101577.96672729091,101502.7423615223,PREFILL,NONE,,
2025-01-07 09:58:00,101623.1,101578.86427252725,101503.54852766501,PREFILL,NONE,,
2025-01-07 09:59:00,101622.1,101579.72400941829,101504.34123996661,PREFILL,NONE,,
2025-01-07 10:00:00,101623.0,101580.58447561081,101505.13332381834,PREFILL,NONE,,
2025-01-07 10:01:00,101626.0,101581.4874092749,101505.9387867497,PREFILL,NONE,,
2025-01-07 10:02:00,101623.0,101582.31268062613,101506.71758416577,PREFILL,NONE,,
2025-01-07 10:03:00,101626.0,101583.18111786056,101507.50983963357,PREFILL,NONE,,
2025-01-07 10:04:00,101628.1,101584.0739683858,101508.30945811857,PREFILL,NONE,,
2025-01-07 10:05:00,101623.0,101584.84764129597,101509.06870924887,PREFILL,NONE,,
2025-01-07 10:06:00,101571.1,101584.57442063393,101509.47868697971,PREFILL,NONE,,
2025-01-07 10:07:00,101628.2,101585.44137308157,101510.26207048938,PREFILL,NONE,,
2025-01-07 10:08:00,101633.0,101586.38641858609,101511.07065506345,PREFILL,NONE,,
2025-01-07 10:09:00,101650.0,101587.6504073482,101511.98444458429,PREFILL,NONE,,
2025-01-07 10:10:00,101649.9,101588.88721006215,101512.89012615118,PREFILL,NONE,,
2025-01-07 10:11:00,101649.9,101590.09935886,101513.78844137564,PREFILL,NONE,,
2025-01-07 10:12:00,101649.9,101591.28734835192,101514.67946867185,PREFILL,NONE,,
2025-01-07 10:13:00,101649.9,101592.45166310052,101515.56328536755,PREFILL,NONE,,
2025-01-07 10:14:00,101638.2,101593.36037697972,101516.36361343956,PREFILL,NONE,,
2025-01-07 10:15:00,101638.1,101594.24899994337,101517.15684559559,PREFILL,NONE,,
2025-01-07 10:16:00,101650.0,101595.35626543182,101518.02112824185,PREFILL,NONE,,
2025-01-07 10:17:00,101638.2,101596.20713076692,101518.80183107777,PREFILL,NONE,,
2025-01-07 10:18:00,101650.0,101597.27538134604,101519.65283332478,PREFILL,NONE,,
2025-01-07 10:19:00,101638.2,101598.08804059721,101520.42062545026,PREFILL,NONE,,
2025-01-07 10:20:00,101650.0,101599.11882340665,101521.25862175996,PREFILL,NONE,,
2025-01-07 10:21:00,101638.2,101599.89479130968,101522.01377025759,PREFILL,NONE,,
2025-01-07 10:22:00,101649.9,101600.88760606246,101522.83838293972,PREFILL,NONE,,
2025-01-07 10:23:00,101638.2,101601.62837609016,101523.58115189259,PREFILL,NONE,,
2025-01-07 10:24:00,101638.1,101602.35241707352,101524.31742618608,PREFILL,NONE,,
2025-01-07 10:25:00,101628.3,101602.86750712205,101524.98499729796,PREFILL,NONE,,
2025-01-07 10:26:00,101669.4,101604.1881904087,101525.91081952704,PREFILL,NONE,,
2025-01-07 10:27:00,101716.7,101606.42146463765,101527.13220102235,PREFILL,NONE,,
2025-01-07 10:28:00,101672.6,101607.73499637471,101528.06213199918,PREFILL,NONE,,
2025-01-07 10:29:00,101629.4,101608.16499004958,101528.70904485896,PREFILL,NONE,,
2025-01-07 10:30:00,101782.5,101611.62492706765,101530.32691710931,PREFILL,NONE,,
2025-01-07 10:31:00,101608.3,101611.55894189178,101530.82329304205,PREFILL,NONE,,
2025-01-07 10:32:00,101618.2,101611.69073193228,101531.37876666161,PREFILL,NONE,,
2025-01-07 10:33:00,101710.0,101613.64156992969,101532.51274929737,PREFILL,NONE,,
2025-01-07 10:34:00,101740.0,101616.14890725147,101533.82819844379,PREFILL,NONE,,
2025-01-07 10:35:00,101740.0,101618.6063903985,101535.13354245845,PREFILL,NONE,,
2025-01-07 10:36:00,101568.5,101617.61220738426,101535.34451337985,PREFILL,NONE,,
2025-01-07 10:37:00,101505.1,101615.37989109266,101535.15353703906,PREFILL,NONE,,
2025-01-07 10:38:00,101707.6,101617.20952801932,101536.2409922585,PREFILL,NONE,,
2025-01-07 10:39:00,101707.5,101619.0008132499,101537.31953725457,PREFILL,NONE,,
2025-01-07 10:40:00,101487.0,101616.38212806547,101537.00305246774,PREFILL,NONE,,
2025-01-07 10:41:00,101505.0,101614.17256512043,101536.8020309568,PREFILL,NONE,,
2025-01-07 10:42:00,101485.7,101611.62405854427,101536.48145734766,PREFILL,NONE,,
2025-01-07 10:43:00,101515.0,101609.70739694222,101536.34687275505,PREFILL,NONE,,
2025-01-07 10:44:00,101438.8,101606.31734672235,101535.73650659953,PREFILL,NONE,,
2025-01-07 10:45:00,101504.2,101604.29185629427,101535.53942792409,PREFILL,NONE,,
2025-01-07 10:46:00,101534.8,101602.91353560178,101535.53481289654,PREFILL,NONE,,
2025-01-07 10:47:00,101544.9,101601.76291625647,101535.59319109978,PREFILL,NONE,,
2025-01-07 10:48:00,101505.0,101599.84381655249,101535.4027247537,PREFILL,NONE,,
2025-01-07 10:49:00,101495.0,101597.76451280377,101535.151497532,PREFILL,NONE,,
2025-01-07 10:50:00,101495.0,101595.72650860461,101534.90213930684,PREFILL,NONE,,
2025-01-07 10:51:00,101495.1,101593.730964341,101534.65525266624,PREFILL,NONE,,
2025-01-07 10:52:00,101593.5,101593.72638417514,101535.0198146612,PREFILL,NONE,,
2025-01-07 10:53:00,101475.1,101591.37401690982,101534.64904009804,PREFILL,NONE,,
2025-01-07 10:54:00,101514.6,101589.85162696282,101534.52512846586,PREFILL,NONE,,
2025-01-07 10:55:00,101495.1,101587.97280179051,101534.2817546503,PREFILL,NONE,,
2025-01-07 10:56:00,101495.2,101586.1332642515,101534.04078617894,PREFILL,NONE,,
2025-01-07 10:57:00,101418.9,101582.81738147442,101533.33169192715,PREFILL,NONE,,
2025-01-07 10:58:00,101504.8,101581.27050149161,101533.15618508439,PREFILL,NONE,,
2025-01-07 10:59:00,101450.1,101578.66980064283,101532.64587589992,PREFILL,NONE,,
2025-01-07 11:00:00,101504.8,101577.20522995837,101532.47498447607,PREFILL,NONE,,
2025-01-07 11:01:00,101393.6,101573.5650918485,101531.62368088156,PREFILL,NONE,,
2025-01-07 11:02:00,101418.7,101570.49482614108,101530.93224870622,PREFILL,NONE,,
2025-01-07 11:03:00,101357.4,101566.27023044242,101529.87091512959,PREFILL,NONE,,
2025-01-07 11:04:00,101326.5,101561.51690522357,101528.62848860423,PREFILL,NONE,,
2025-01-07 11:05:00,101326.5,101556.85791723123,101527.39503575054,PREFILL,NONE,,
2025-01-07 11:06:00,101380.3,101553.35790067771,101526.49841421793,PREFILL,NONE,,
2025-01-07 11:07:00,101424.6,101550.80550857738,101525.87797728226,PREFILL,NONE,,
2025-01-07 11:08:00,101717.6,101554.11183705468,101527.0440461978,PREFILL,NONE,,
2025-01-07 11:09:00,101676.5,101556.53785876156,101527.95205558724,PREFILL,NONE,,
2025-01-07 11:10:00,101535.5,101556.12084733756,101527.99786277182,PREFILL,NONE,,
2025-01-07 11:11:00,101535.5,101555.71211005712,101528.04334278298,PREFILL,NONE,,
2025-01-07 11:12:00,101551.5,101555.62862111608,101528.18539080016,PREFILL,NONE,,
2025-01-07 11:13:00,101551.5,101555.54678859354,101528.3264279471,PREFILL,NONE,,
2025-01-07 11:14:00,101525.6,101554.95323081857,101528.30995245023,PREFILL,NONE,,
2025-01-07 11:15:00,101619.6,101556.23453298549,101528.86102634232,PREFILL,NONE,,
2025-01-07 11:16:00,101550.1,101556.11294843483,101528.98910141156,PREFILL,NONE,,
2025-01-07 11:17:00,101550.1,101555.99377576316,101529.11627156843,PREFILL,NONE,,
2025-01-07 11:18:00,101504.9,101554.9811484097,101528.97054595062,PREFILL,NONE,,
2025-01-07 11:19:00,101514.9,101554.186793794,101528.88596113228,PREFILL,NONE,,
2025-01-07 11:20:00,101629.5,101555.67937565713,101529.49018181424,PREFILL,NONE,,
2025-01-07 11:21:00,101495.1,101554.47881331548,101529.28386735053,PREFILL,NONE,,
2025-01-07 11:22:00,101360.0,101550.62469307051,101528.26932162773,PREFILL,NONE,,
2025-01-07 11:23:00,101380.2,101547.24732289853,101527.38280962867,PREFILL,NONE,,
2025-01-07 11:24:00,101504.9,101546.40812301046,101527.24833628423,PREFILL,NONE,,
2025-01-07 11:25:00,101515.0,101545.7857154114,101527.17514971147,PREFILL,NONE,,
2025-01-07 11:26:00,101544.7,101545.76420035533,101527.2797613216,PREFILL,NONE,,
2025-01-07 11:27:00,101524.7,101545.34678813457,101527.26437697992,PREFILL,NONE,,
2025-01-07 11:28:00,101639.6,101547.21450125585,101527.93363448106,PREFILL,NONE,,
2025-01-07 11:29:00,101630.6,101548.8668377409,101528.54469302316,PREFILL,NONE,,
2025-01-07 11:30:00,101639.6,101550.66474828603,101529.20504477798,PREFILL,NONE,,
2025-01-07 11:31:00,101520.0,101550.05712329954,101529.15036260046,PREFILL,NONE,,
2025-01-07 11:32:00,101515.1,101549.36445356852,101529.06697647907,PREFILL,NONE,,
2025-01-07 11:33:00,101515.0,101548.68353624716,101528.98357076538,PREFILL,NONE,,
2025-01-07 11:34:00,101615.8,101550.01340423622,101529.49783722189,PREFILL,NONE,,
2025-01-07 11:35:00,101515.0,101549.31964554155,101529.41203803832,PREFILL,NONE,,
2025-01-07 11:36:00,101604.0,101550.40307381234,101529.85304428151,PREFILL,NONE,,
2025-01-07 11:37:00,101495.0,101549.3053387181,101529.64716380571,PREFILL,NONE,,
2025-01-07 11:38:00,101625.8,101550.82095674398,101530.21462656223,PREFILL,NONE,,
2025-01-07 11:39:00,101630.7,101552.40361277953,101530.80711692278,PREFILL,NONE,,
2025-01-07 11:40:00,101639.9,101554.13717307209,101531.44977559164,PREFILL,NONE,,
2025-01-07 11:41:00,101629.9,101555.6382406443,101532.02921562434,PREFILL,NONE,,
2025-01-07 11:42:00,101495.0,101554.43684514555,101531.81147150163,PREFILL,NONE,,
2025-01-07 11:43:00,101629.8,101555.92996237747,101532.38716271205,PREFILL,NONE,,
2025-01-07 11:44:00,101505.0,101554.92093323,101532.22640340892,PREFILL,NONE,,
2025-01-07 11:45:00,101352.7,101550.91455382413,101531.17353432377,PREFILL,NONE,,
2025-01-07 11:46:00,101524.6,101550.39321787823,101531.13501628247,PREFILL,NONE,,
2025-01-07 11:47:00,101350.2,101546.42708920014,101530.07573980208,PREFILL,NONE,,
2025-01-07 11:48:00,101515.0,101545.8044772354,101529.9875559633,PREFILL,NONE,,
2025-01-07 11:49:00,101515.0,101545.19420572923,101529.89996343807,PREFILL,NONE,,
2025-01-07 11:50:00,101340.3,101541.13505710359,101528.79282347835,PREFILL,NONE,,
2025-01-07 11:51:00,101504.8,101540.41523160237,101528.6528402987,PREFILL,NONE,,
2025-01-07 11:52:00,101340.1,101536.44686727569,101527.55368274392,PREFILL,NONE,,
2025-01-07 11:53:00,101505.0,101535.82389142919,101527.42231799057,PREFILL,NONE,,
2025-01-07 11:54:00,101514.8,101535.4074026952,101527.3488603204,PREFILL,NONE,,
2025-01-07 11:55:00,101524.6,101535.19330702134,101527.33287617344,PREFILL,NONE,,
2025-01-07 11:56:00,101534.9,101535.18749662854,101527.37684131654,PREFILL,NONE,,
2025-01-07 11:57:00,101340.2,101531.32483786963,101526.29023379048,PREFILL,NONE,,
2025-01-07 11:58:00,101340.2,101527.5387270363,101525.21081694262,PREFILL,NONE,,
2025-01-07 11:59:00,101340.1,101523.82566504127,101524.13795341173,PREFILL,NONE,,
2025-01-07 12:00:00,101340.1,101520.18618410149,101523.07216940317,PREFILL,NONE,,
2025-01-07 12:01:00,101340.2,101516.62080592332,101522.01398691077,PREFILL,NONE,,
2025-01-07 12:02:00,101330.4,101512.9319515659,101520.90610535958,PREFILL,NONE,,
2025-01-07 12:03:00,101320.2,101509.11414463195,101519.74657565328,PREFILL,NONE,,
2025-01-07 12:04:00,101300.1,101504.97383407824,101518.47862340912,PREFILL,NONE,,
2025-01-07 12:05:00,101330.1,101501.50982414265,101517.39202460909,PREFILL,NONE,,
2025-01-07 12:06:00,101350.2,101498.51260471891,101516.42838583431,PREFILL,NONE,,
2025-01-07 12:07:00,101360.1,101495.77087761472,101515.52806020409,PREFILL,NONE,,
2025-01-07 12:08:00,101350.1,101492.88539442417,101514.57606239845,PREFILL,NONE,,
2025-01-07 12:09:00,101350.1,101490.05708526167,101513.63026874064,PREFILL,NONE,,
2025-01-07 12:10:00,101370.0,101487.67899558829,101512.8049750749,PREFILL,NONE,,
2025-01-07 12:11:00,101285.0,101483.66435598403,101511.4970089781,PREFILL,NONE,,
2025-01-07 12:12:00,101268.2,101479.39649074289,101510.10114633085,PREFILL,NONE,,
2025-01-07 12:13:00,101535.0,101480.49786508801,101510.24389096104,PREFILL,NONE,,
2025-01-07 12:14:00,101565.1,101482.1736243112,101510.5581456764,PREFILL,NONE,,
2025-01-07 12:15:00,101515.0,101482.82383008508,101510.58357292353,PREFILL,NONE,,
2025-01-07 12:16:00,101574.3,101484.63572704664,101510.94804689426,PREFILL,NONE,,
2025-01-07 12:17:00,101574.6,101486.41766789518,101511.31188546588,PREFILL,NONE,,
2025-01-07 12:18:00,101574.8,101488.16826576859,101511.67452333268,PREFILL,NONE,,
2025-01-07 12:19:00,101584.3,101490.07234708845,101512.08905264064,PREFILL,NONE,,
2025-01-07 12:20:00,101582.8,101491.90899454674,101512.49236378197,PREFILL,NONE,,
2025-01-07 12:21:00,101533.7,101492.73674078882,101512.6132383485,PREFILL,NONE,,
2025-01-07 12:22:00,101580.5,101494.47504205273,101512.99988889566,PREFILL,NONE,,
2025-01-07 12:23:00,101523.7,101495.0538895295,101513.06078849791,PREFILL,NONE,,
2025-01-07 12:24:00,101451.6,101494.1932190783,101512.71123095525,PREFILL,NONE,,
2025-01-07 12:25:00,101451.4,101493.3456380616,101512.36276792873,PREFILL,NONE,,
2025-01-07 12:26:00,101472.0,101492.92285899885,101512.13352526052,PREFILL,NONE,,
2025-01-07 12:27:00,101533.8,101493.73248220551,101512.25649615422,PREFILL,NONE,,
2025-01-07 12:28:00,101533.7,101494.5240857937,101512.37811785987,PREFILL,NONE,,
2025-01-07 12:29:00,101533.6,101495.29802688131,101512.49840029089,PREFILL,NONE,,
2025-01-07 12:30:00,101600.0,101497.37175509825,101512.99400900479,PREFILL,NONE,,
2025-01-07 12:31:00,101599.8,101499.40044166069,101513.48534542187,PREFILL,NONE,,
2025-01-07 12:32:00,101584.3,101501.0819496586,101513.8858987756,PREFILL,NONE,,
2025-01-07 12:33:00,101553.6,101502.12211030947,101514.1103859828,PREFILL,NONE,,
2025-01-07 12:34:00,101599.8,101504.05668920523,101514.59443162361,PREFILL,NONE,,
2025-01-07 12:35:00,101523.9,101504.4496983872,101514.64696241335,PREFILL,NONE,,
2025-01-07 12:36:00,101505.0,101504.4605974151,101514.59254020876,PREFILL,NONE,,
2025-01-07 12:37:00,101563.6,101505.63188181922,101514.86882938098,PREFILL,NONE,,
2025-01-07 12:38:00,101563.6,101506.77996434958,101515.14338241398,PREFILL,NONE,,
2025-01-07 12:39:00,101400.0,101504.66515029906,101514.49507990394,PREFILL,NONE,,
2025-01-07 12:40:00,101425.0,101503.08735980907,101513.9915111455,PREFILL,NONE,,
2025-01-07 12:41:00,101415.0,101501.3427708682,101513.43486393047,PREFILL,NONE,,
2025-01-07 12:42:00,101484.4,101501.00721676389,101513.27169934195,PREFILL,NONE,,
2025-01-07 12:43:00,101515.0,101501.2843450449,101513.28140558113,PREFILL,NONE,,
2025-01-07 12:44:00,101505.0,101501.35793368374,101513.23492592912,PREFILL,NONE,,
2025-01-07 12:45:00,101514.8,101501.62415333108,101513.2437044705,PREFILL,NONE,,
2025-01-07 12:46:00,101515.0,101501.88906071008,101513.2535494594,PREFILL,NONE,,
2025-01-07 12:47:00,101480.1,101501.45753168454,101513.0678206174,PREFILL,NONE,,
2025-01-07 12:48:00,101499.4,101501.41678270005,101512.99129941656,PREFILL,NONE,,
2025-01-07 12:49:00,101386.7,101499.14484720764,101512.28467178115,PREFILL,NONE,,
2025-01-07 12:50:00,101534.9,101499.85296658622,101512.41113267456,PREFILL,NONE,,
2025-01-07 12:51:00,101199.9,101493.91250994844,101510.66468136339,PREFILL,NONE,,
2025-01-07 12:52:00,101295.0,101489.97313229897,101509.46017493415,PREFILL,NONE,,
2025-01-07 12:53:00,101197.3,101484.1768804442,101507.71777377522,PREFILL,NONE,,
2025-01-07 12:54:00,101430.7,101483.11779901513,101507.28813484548,PREFILL,NONE,,
2025-01-07 12:55:00,101360.8,101480.6953655188,101506.47144235489,PREFILL,NONE,,
2025-01-07 12:56:00,101432.2,101479.73494510769,101506.05761151852,PREFILL,NONE,,
2025-01-07 12:57:00,101422.2,101478.59550420022,101505.59064066116,PREFILL,NONE,,
2025-01-07 12:58:00,101560.4,101480.21558343973,101505.89567569838,PREFILL,NONE,,
2025-01-07 12:59:00,101550.1,101481.59959089322,101506.1415475842,PREFILL,NONE,,
2025-01-07 13:00:00,101478.7,101481.5421668414,101505.9890007406,PREFILL,NONE,,
2025-01-07 13:01:00,101578.5,101483.46233404105,101506.39185727504,PREFILL,NONE,,
2025-01-07 13:02:00,101534.2,101484.46714806864,101506.54626598004,PREFILL,NONE,,
2025-01-07 13:03:00,101438.7,101483.56077262088,101506.1697526196,PREFILL,NONE,,
2025-01-07 13:04:00,101201.1,101477.96691355316,101504.47771663016,PREFILL,NONE,,
2025-01-07 13:05:00,101200.1,101472.46404259698,101502.79046188072,PREFILL,NONE,,
2025-01-07 13:06:00,101373.1,101470.49624296468,101502.0719490226,PREFILL,NONE,,
2025-01-07 13:07:00,101405.4,101469.20708334057,101501.53666162174,PREFILL,NONE,,
2025-01-07 13:08:00,101554.2,101470.89027150812,101501.82810641476,PREFILL,NONE,,
2025-01-07 13:09:00,101554.3,101472.5421033206,101502.1183330987,PREFILL,NONE,,
2025-01-07 13:10:00,101601.0,101475.0860565538,101502.66495922061,PREFILL,NONE,,
2025-01-07 13:11:00,101530.5,101476.18346067674,101502.81875052101,PREFILL,NONE,,
2025-01-07 13:12:00,101544.1,101477.5284607508,101503.04671088512,PREFILL,NONE,,
2025-01-07 13:13:00,101544.0,101478.84484215995,101503.2727393757,PREFILL,NONE,,
2025-01-07 13:14:00,101544.1,101480.13713253233,101503.49795255876,PREFILL,NONE,,
2025-01-07 13:15:00,101252.5,101475.62909373514,101502.11411794457,PREFILL,NONE,,
2025-01-07 13:16:00,101517.5,101476.45828780682,101502.19890081536,PREFILL,NONE,,
2025-01-07 13:17:00,101565.7,101478.22559084628,101502.54863648459,PREFILL,NONE,,
2025-01-07 13:18:00,100691.0,101462.63575111664,101498.08131246414,PREFILL,NONE,,
2025-01-07 13:19:00,99722.2,101428.1690456554,101488.31068855042,PREFILL,NONE,,
2025-01-07 13:20:00,100252.1,101404.87880693683,101481.5127450966,PREFILL,NONE,,
2025-01-07 13:21:00,100593.0,101388.80081961644,101476.62929632014,PREFILL,NONE,,
2025-01-07 13:22:00,100579.9,101372.78182993532,101471.7031934712,PREFILL,NONE,,
2025-01-07 13:23:00,101250.6,101370.36221724746,101470.48919682663,PREFILL,NONE,,
2025-01-07 13:24:00,101068.8,101364.39027568187,101468.28477763571,PREFILL,NONE,,
2025-01-07 13:25:00,101415.9,101365.41033928834,101467.99744040957,PREFILL,NONE,,
2025-01-07 13:26:00,101405.9,101366.21216796241,101467.6569973855,PREFILL,NONE,,
2025-01-07 13:27:00,101320.5,101365.30691762913,101466.85062287311,PREFILL,NONE,,
2025-01-07 13:28:00,100081.9,101339.89129865909,101459.26525800757,PREFILL,NONE,,
2025-01-07 13:29:00,100520.0,101323.6548125965,101454.12342549591,PREFILL,NONE,,
2025-01-07 13:30:00,101320.7,101323.59629787116,101453.39337920594,PREFILL,NONE,,
2025-01-07 13:31:00,100991.6,101317.02171894789,101450.86783011522,PREFILL,NONE,,
2025-01-07 13:32:00,100443.6,101299.72522126834,101445.36173098156,PREFILL,NONE,,
2025-01-07 13:33:00,99563.8,101265.34848101638,101435.08134013115,PREFILL,NONE,,
2025-01-07 13:34:00,99573.6,101231.8466164524,101424.91550480612,PREFILL,NONE,,
2025-01-07 13:35:00,99782.1,101203.13717119659,101415.94808434224,PREFILL,NONE,,
2025-01-07 13:36:00,99050.8,101160.51431720646,101403.04384061041,PREFILL,NONE,,
2025-01-07 13:37:00,100800.0,101153.37503959927,101399.75517512248,PREFILL,NONE,,
2025-01-07 13:38:00,100876.8,101147.89802021302,101396.90459676298,PREFILL,NONE,,
2025-01-07 13:39:00,100790.0,101140.81056802884,101393.59795039019,PREFILL,NONE,,
2025-01-07 13:40:00,100800.1,101134.06348568646,101390.36583802303,PREFILL,NONE,,
2025-01-07 13:41:00,100980.9,101131.03039625433,101388.13696209686,PREFILL,NONE,,
2025-01-07 13:42:00,100800.1,101124.47700328402,101384.9375151034,PREFILL,NONE,,
2025-01-07 13:43:00,100800.1,101118.05339285589,101381.75691792877,PREFILL,NONE,,
2025-01-07 13:44:00,100800.0,101111.75501424323,101378.59450028902,PREFILL,NONE,,
2025-01-07 13:45:00,100800.0,101105.58136743485,101375.45068331492,PREFILL,NONE,,
2025-01-07 13:46:00,100800.1,101099.53196233166,101372.3258854443,PREFILL,NONE,,
2025-01-07 13:47:00,100790.1,101093.40432954441,101369.16514959771,PREFILL,NONE,,
2025-01-07 13:48:00,100886.6,101089.30901926535,101366.54659829706,PREFILL,NONE,,
2025-01-07 13:49:00,100866.5,101084.89677462545,101363.83437720366,PREFILL,NONE,,
2025-01-07 13:50:00,100876.8,101080.77587718739,101361.19388589871,PREFILL,NONE,,
2025-01-07 13:51:00,100800.1,101075.2177152951,101358.15319551184,PREFILL,NONE,,
2025-01-07 13:52:00,100790.2,101069.57357744867,101355.07666112817,PREFILL,NONE,,
2025-01-07 13:53:00,100790.1,101064.039233166,101352.0175636948,PREFILL,NONE,,
2025-01-07 13:54:00,100846.5,101059.73136227431,101349.28157917039,PREFILL,NONE,,
2025-01-07 13:55:00,100806.6,101054.71867379115,101346.34570082306,PREFILL,NONE,,
2025-01-07 13:56:00,100999.9,101053.6331159602,101344.47223947143,PREFILL,NONE,,
2025-01-07 13:57:00,100999.8,101052.5670756056,101342.60915114128,PREFILL,NONE,,
2025-01-07 13:58:00,100999.6,101051.51818591876,101340.75582688469,PREFILL,NONE,,
2025-01-07 13:59:00,100970.1,101049.90588931041,101338.75395592886,PREFILL,NONE,,
2025-01-07 14:00:00,100999.8,101048.9136601222,101336.92405965908,PREFILL,NONE,,
2025-01-07 14:01:00,100999.9,101047.94306060817,101335.1053299654,PREFILL,NONE,,
2025-01-07 14:02:00,100930.0,101045.6074790108,101332.92009742494,PREFILL,NONE,,
2025-01-07 14:03:00,100930.0,101043.31814951246,101330.74753612264,PREFILL,NONE,,
2025-01-07 14:04:00,100930.0,101041.07415611399,101328.58756308616,PREFILL,NONE,,
2025-01-07 14:05:00,100970.1,101039.66868452287,101326.6561424455,PREFILL,NONE,,
2025-01-07 14:06:00,100999.9,101038.88116233592,101324.89638511796,PREFILL,NONE,,
2025-01-07 14:07:00,100999.8,101038.10725531267,101323.14626303405,PREFILL,NONE,,
2025-01-07 14:08:00,100970.1,101036.76053840588,101321.24642780682,PREFILL,NONE,,
2025-01-07 14:09:00,100999.9,101036.03060625568,101319.51785836395,PREFILL,NONE,,
2025-01-07 14:10:00,100907.3,101033.4814151686,101317.3013462228,PREFILL,NONE,,
2025-01-07 14:11:00,100999.8,101032.8144384562,101315.59479332685,PREFILL,NONE,,
2025-01-07 14:12:00,100960.1,101031.37451050337,101313.68476764196,PREFILL,NONE,,
2025-01-07 14:13:00,100950.1,101029.76507253315,101311.73202807122,PREFILL,NONE,,
2025-01-07 14:14:00,100950.2,101028.18948650615,101309.79105725128,PREFILL,NONE,,
2025-01-07 14:15:00,100940.2,101026.44707703816,101307.80757573045,PREFILL,NONE,,
2025-01-07 14:16:00,100999.8,101025.9193992636,101306.15522032145,PREFILL,NONE,,
2025-01-07 14:17:00,100920.2,101023.82589571415,101304.08548298522,PREFILL,NONE,,
2025-01-07 14:18:00,100920.1,101021.77186940056,101302.02708074973,PREFILL,NONE,,
2025-01-07 14:19:00,100920.2,101019.76049900822,101299.98101227534,PREFILL,NONE,,
2025-01-07 14:20:00,100879.7,101016.9869612734,101297.7297190115,PREFILL,NONE,,
2025-01-07 14:21:00,100859.7,101013.87229917603,101295.3842180903,PREFILL,NONE,,
2025-01-07 14:22:00,100879.7,101011.21536443352,101293.15918664185,PREFILL,NONE,,
2025-01-07 14:23:00,100846.4,101007.95162457974,101290.76869324403,PREFILL,NONE,,
2025-01-07 14:24:00,100940.2,101006.60998033971,101288.89357147951,PREFILL,NONE,,
2025-01-07 14:25:00,100920.3,101004.900836965,101286.92275024542,PREFILL,NONE,,
2025-01-07 14:26:00,100826.4,101001.36609627244,101284.4612803089,PREFILL,NONE,,
2025-01-07 14:27:00,100806.4,100997.50530585206,101281.90698079787,PREFILL,NONE,,
2025-01-07 14:28:00,100999.6,100997.54678574069,101280.39913996415,PREFILL,NONE,,
2025-01-07 14:29:00,100780.3,100993.24478820934,101277.72898511632,PREFILL,NONE,,
2025-01-07 14:30:00,100780.3,100989.02798192341,101275.07402069922,PREFILL,NONE,,
2025-01-07 14:31:00,100836.5,100986.00757121813,101272.73400586224,PREFILL,NONE,,
2025-01-07 14:32:00,100780.3,100981.93408175142,101270.1075346366,PREFILL,NONE,,
2025-01-07 14:33:00,100844.0,100979.20266633225,101267.83561203163,PREFILL,NONE,,
2025-01-07 14:34:00,100863.3,100976.9075249358,101265.67944903985,PREFILL,NONE,,
2025-01-07 14:35:00,100833.2,100974.06178386144,101263.3751353016,PREFILL,NONE,,
2025-01-07 14:36:00,100833.2,100971.2723959585,101261.08387971998,PREFILL,NONE,,
2025-01-07 14:37:00,100999.0,100971.82146623224,101259.68840675647,PREFILL,NONE,,
2025-01-07 14:38:00,100883.9,100970.08041972399,101257.6881849202,PREFILL,NONE,,
2025-01-07 14:39:00,100999.9,100970.67091556282,101256.31650670106,PREFILL,NONE,,
2025-01-07 14:40:00,100890.1,100969.07542778569,101254.36853622024,PREFILL,NONE,,
2025-01-07 14:41:00,100999.9,100969.6858243928,101253.0154217475,PREFILL,NONE,,
2025-01-07 14:42:00,100664.0,100963.63255189192,101249.8844159569,PREFILL,NONE,,
2025-01-07 14:43:00,100654.0,100957.50112699917,101246.71793594144,PREFILL,NONE,,
2025-01-07 14:44:00,100650.4,100951.41983175847,101243.55018614398,PREFILL,NONE,,
2025-01-07 14:45:00,100649.9,100945.44906040566,101240.3976314023,PREFILL,NONE,,
2025-01-07 14:46:00,100417.1,100934.98656259295,101236.02695481933,PREFILL,NONE,,
2025-01-07 14:47:00,100841.0,100933.125418099,101233.9305311353,PREFILL,NONE,,
2025-01-07 14:48:00,100800.0,100930.48923727029,101231.62838018857,PREFILL,NONE,,
2025-01-07 14:49:00,100790.1,100927.7092172952,101229.28666426383,PREFILL,NONE,,
2025-01-07 14:50:00,100447.8,100918.20594693851,101225.14323541166,PREFILL,NONE,,
2025-01-07 14:51:00,100638.2,100912.6612075011,101222.03225072726,PREFILL,NONE,,
2025-01-07 14:52:00,100674.7,100907.94904838635,101219.13212389898,PREFILL,NONE,,
2025-01-07 14:53:00,100618.2,100902.21137663559,101215.94897999676,PREFILL,NONE,,
2025-01-07 14:54:00,100684.9,100897.90813192715,101213.13687814493,PREFILL,NONE,,
2025-01-07 14:55:00,100617.9,100892.36335439056,101209.98584751584,PREFILL,NONE,,
2025-01-07 14:56:00,100530.1,100885.18974392864,101206.38780881798,PREFILL,NONE,,
2025-01-07 14:57:00,100618.2,100879.90276145854,101203.27599513659,PREFILL,NONE,,
2025-01-07 14:58:00,100417.1,100870.73825375135,101199.11798270044,PREFILL,NONE,,
2025-01-07 14:59:00,100325.3,100859.9373846699,101194.4978322692,PREFILL,NONE,,
2025-01-07 15:00:00,100599.9,100854.78807738496,101191.35494875304,PREFILL,NONE,,
2025-01-07 15:01:00,100361.1,100845.01197881803,101186.9677536356,PREFILL,NONE,,
2025-01-07 15:02:00,100347.3,100835.15620018088,101182.53213551253,PREFILL,NONE,,
2025-01-07 15:03:00,100166.6,100821.91733729138,101177.16696844774,PREFILL,NONE,,
2025-01-07 15:04:00,100361.0,100812.79017598793,101172.858031686,PREFILL,NONE,,
2025-01-07 15:05:00,99856.5,100793.85356335192,101165.91037482675,PREFILL,NONE,,
2025-01-07 15:06:00,100091.7,100779.94940751974,101160.2424044518,PREFILL,NONE,,
2025-01-07 15:07:00,99610.0,100756.78188856956,101152.065057915,PREFILL,NONE,,
2025-01-07 15:08:00,99529.5,100732.47906720708,101143.50867656634,PREFILL,NONE,,
2025-01-07 15:09:00,99499.9,100708.07135448359,101134.84380122293,PREFILL,NONE,,
2025-01-07 15:10:00,99500.0,100684.14895111359,101126.22758291985,PREFILL,NONE,,
2025-01-07 15:11:00,99371.9,100658.16361220113,101116.98425615496,PREFILL,NONE,,
2025-01-07 15:12:00,98760.5,100620.58581560403,101104.5717353443,PREFILL,NONE,,
2025-01-07 15:13:00,99019.6,100588.8828786571,101093.59244942538,PREFILL,NONE,,
2025-01-07 15:14:00,98800.1,100553.46116442753,101081.51847216353,PREFILL,NONE,,
2025-01-07 15:15:00,98500.1,100512.8002422879,101067.93248485493,PREFILL,NONE,,
2025-01-07 15:16:00,98500.1,100472.9444988839,101054.4217222014,PREFILL,NONE,,
2025-01-07 15:17:00,98300.0,100429.91558481666,101039.93318217513,PREFILL,NONE,,
2025-01-07 15:18:00,98500.1,100391.70114484546,101026.57704031965,PREFILL,NONE,,
2025-01-07 15:19:00,98500.0,100354.24145683242,101013.29420960255,PREFILL,NONE,,
2025-01-07 15:20:00,98300.2,100313.56709249245,100999.03465868664,PREFILL,NONE,,
2025-01-07 15:21:00,98499.9,100277.65265369153,100985.90316503885,PREFILL,NONE,,
2025-01-07 15:22:00,98500.3,100242.45732211001,100972.84625618412,PREFILL,NONE,,
2025-01-07 15:23:00,98300.0,100203.99257479954,100958.80948322846,PREFILL,NONE,,
2025-01-07 15:24:00,98303.4,100166.35684244974,100944.86796337916,PREFILL,NONE,,
2025-01-07 15:25:00,98257.5,100128.55746490018,100930.76235962157,PREFILL,NONE,,
2025-01-07 15:26:00,98200.0,100090.36797826357,100916.432729655,PREFILL,NONE,,
2025-01-07 15:27:00,98420.7,100057.30505091888,100903.33981728513,PREFILL,NONE,,
2025-01-07 15:28:00,98298.9,100022.48494751839,100889.68014676565,PREFILL,NONE,,
2025-01-07 15:29:00,98257.4,99987.53257217594,100875.87801065989,PREFILL,NONE,,
2025-01-07 15:30:00,98371.0,99955.52184829998,100862.74725671449,PREFILL,NONE,,
2025-01-07 15:31:00,98200.2,99920.76281047845,100848.79354084376,PREFILL,NONE,,
2025-01-07 15:32:00,98331.8,99889.29803236818,100835.6059732409,PREFILL,NONE,,
2025-01-07 15:33:00,98322.0,99858.26226533709,100822.43947089938,PREFILL,NONE,,
2025-01-07 15:34:00,98322.0,99827.8410743194,100809.34521684695,PREFILL,NONE,,
2025-01-07 15:35:00,99106.0,99813.54711978373,100800.42739365023,PREFILL,NONE,,
2025-01-07 15:36:00,99219.9,99801.79167333248,100792.15463142277,PREFILL,NONE,,
2025-01-07 15:37:00,99219.9,99790.26901027106,100783.92719958072,PREFILL,NONE,,
2025-01-07 15:38:00,99394.6,99782.4339432612,100776.65878978887,PREFILL,NONE,,
2025-01-07 15:39:00,98752.4,99762.03713683567,100766.07125345417,PREFILL,NONE,,
2025-01-07 15:40:00,98743.6,99741.86997306097,100755.49563424094,PREFILL,NONE,,
2025-01-07 15:41:00,98703.8,99721.31404033527,100744.76978962732,PREFILL,NONE,,
2025-01-07 15:42:00,98669.6,99700.48792869387,100733.92383282995,PREFILL,NONE,,
2025-01-07 15:43:00,98669.7,99680.0761990792,100723.13766349161,PREFILL,NONE,,
2025-01-07 15:44:00,98402.9,99654.7854750532,100711.01662938668,PREFILL,NONE,,
2025-01-07 15:45:00,98383.0,99629.6015005805,100698.85783335262,PREFILL,NONE,,
2025-01-07 15:46:00,98225.7,99601.80135868235,100685.94403030543,PREFILL,NONE,,
2025-01-07 15:47:00,98215.6,99574.3517182514,100673.04793814471,PREFILL,NONE,,
2025-01-07 15:48:00,98245.4,99548.035740612,100660.37768511265,PREFILL,NONE,,
2025-01-07 15:49:00,98205.6,99521.45275363448,100647.56880467324,PREFILL,NONE,,
2025-01-07 15:50:00,98195.8,99495.20210627126,100634.77857135971,PREFILL,NONE,,
2025-01-07 15:51:00,98245.4,99470.45345934582,100622.31666783405,PREFILL,NONE,,
2025-01-07 15:52:00,98245.3,99446.19290797501,100609.92206443129,PREFILL,NONE,,
2025-01-07 15:53:00,98245.4,99422.41474717177,100597.59540824976,PREFILL,NONE,,
2025-01-07 15:54:00,98245.4,99399.10744430886,100585.33577927793,PREFILL,NONE,,
2025-01-07 15:55:00,98275.4,99376.8557367467,100573.29910903802,PREFILL,NONE,,
2025-01-07 15:56:00,98275.4,99355.04465999804,100561.3278328834,PREFILL,NONE,,
2025-01-07 15:57:00,98275.4,99333.66548858487,100549.42156776405,PREFILL,NONE,,
2025-01-07 15:58:00,98275.4,99312.70966981552,100537.57993316259,PREFILL,NONE,,
2025-01-07 15:59:00,98275.5,99292.17080056704,100525.80307169548,PREFILL,NONE,,
2025-01-07 16:00:00,98197.8,99270.50002555265,100513.68565038928,PREFILL,NONE,,
2025-01-07 16:01:00,98375.1,99252.76927897232,100502.55658122798,PREFILL,NONE,,
2025-01-07 16:02:00,98355.1,99234.99359759864,100491.38376616823,PREFILL,NONE,,
2025-01-07 16:03:00,98315.0,99216.77585027133,100480.06288555416,PREFILL,NONE,,
2025-01-07 16:04:00,98314.9,99198.91687226402,100468.80278400441,PREFILL,NONE,,
2025-01-07 16:05:00,98263.1,99180.3857939522,100457.33429483455,PREFILL,NONE,,
2025-01-07 16:06:00,98253.1,99162.02364935377,100445.87586953708,PREFILL,NONE,,
2025-01-07 16:07:00,98444.8,99147.82116319543,100435.47572964325,PREFILL,NONE,,
2025-01-07 16:08:00,98444.9,99133.90189606653,100425.13233131028,PREFILL,NONE,,
2025-01-07 16:09:00,98444.8,99120.25627920507,100414.84430619131,PREFILL,NONE,,
2025-01-07 16:10:00,98444.9,99106.88285414453,100404.61237173878,PREFILL,NONE,,
2025-01-07 16:11:00,98180.1,99088.53067350134,100393.06059044242,PREFILL,NONE,,
2025-01-07 16:12:00,98100.1,99068.9577419208,100381.15580644122,PREFILL,NONE,,
2025-01-07 16:13:00,98334.8,99054.41993066655,100370.53353640616,PREFILL,NONE,,
2025-01-07 16:14:00,98324.9,99039.97395814757,100359.91717376259,PREFILL,NONE,,
2025-01-07 16:15:00,98314.9,99025.61602554664,100349.30615583222,PREFILL,NONE,,
2025-01-07 16:16:00,98385.0,99012.9305316008,100339.1159747663,PREFILL,NONE,,
2025-01-07 16:17:00,98375.1,99000.30019662695,100328.9293378533,PREFILL,NONE,,
2025-01-07 16:18:00,98257.6,98985.59323074721,100318.18824414477,PREFILL,NONE,,
2025-01-07 16:19:00,98210.0,98970.23491691836,100307.258179693,PREFILL,NONE,,
2025-01-07 16:20:00,98190.0,98954.78468895824,100296.28325402546,PREFILL,NONE,,
2025-01-07 16:21:00,98210.0,98940.03644774236,100285.47100807507,PREFILL,NONE,,
2025-01-07 16:22:00,98500.0,98931.3228376027,100276.2195376711,PREFILL,NONE,,
2025-01-07 16:23:00,98500.0,98922.7817748696,100267.01778915474,PREFILL,NONE,,
2025-01-07 16:24:00,98583.5,98916.06331120328,100258.29796716718,PREFILL,NONE,,
2025-01-07 16:25:00,98314.9,98904.15906519874,100248.23402158864,PREFILL,NONE,,
2025-01-07 16:26:00,98302.5,98892.24500270163,100238.15990283068,PREFILL,NONE,,
2025-01-07 16:27:00,98459.7,98883.67973990073,100228.95360206695,PREFILL,NONE,,
2025-01-07 16:28:00,98510.0,98876.28012820026,100220.05702081019,PREFILL,NONE,,
2025-01-07 16:29:00,98603.2,98870.87259167546,100211.69042186627,PREFILL,NONE,,
2025-01-07 16:30:00,98459.7,98862.73054652939,100202.62625642124,PREFILL,NONE,,
2025-01-07 16:31:00,98910.0,98863.66657684663,100195.93991957662,PREFILL,NONE,,
2025-01-07 16:32:00,98643.2,98859.30089503706,100187.90958579803,PREFILL,NONE,,
2025-01-07 16:33:00,98500.0,98852.18601461338,100179.18180010265,PREFILL,NONE,,
2025-01-07 16:34:00,98679.8,98848.77242489139,100171.43026784532,PREFILL,NONE,,
2025-01-07 16:35:00,98603.4,98843.91355763396,100163.3253128803,PREFILL,NONE,,
2025-01-07 16:36:00,98711.2,98841.28556249249,100155.82081723123,PREFILL,NONE,,
2025-01-07 16:37:00,98721.2,98838.90762710186,100148.40812106681,PREFILL,NONE,,
2025-01-07 16:38:00,98750.1,98837.14905772035,100141.18434936098,PREFILL,NONE,,
2025-01-07 16:39:00,98711.4,98834.65897388826,100133.79928753429,PREFILL,NONE,,
2025-01-07 16:40:00,98948.9,98836.92117552513,100127.6801826182,PREFILL,NONE,,
2025-01-07 16:41:00,98839.1,98836.9643206222,100121.02682033363,PREFILL,NONE,,
2025-01-07 16:42:00,98701.4,98834.27987509531,100113.69810962515,PREFILL,NONE,,
2025-01-07 16:43:00,98949.8,98836.5674052733,100107.69062871965,PREFILL,NONE,,
2025-01-07 16:44:00,98949.0,98838.79379610403,100101.71106668428,PREFILL,NONE,,
2025-01-07 16:45:00,98949.9,98840.99392168147,100095.76803612657,PREFILL,NONE,,
2025-01-07 16:46:00,98949.9,98843.15048030882,100089.85668789253,PREFILL,NONE,,
2025-01-07 16:47:00,98722.0,98840.75145803877,100082.8013446697,PREFILL,NONE,,
2025-01-07 16:48:00,98949.9,98842.9128178292,100076.95888622486,PREFILL,NONE,,
2025-01-07 16:49:00,98899.9,98844.04127817374,100070.8897329721,PREFILL,NONE,,
2025-01-07 16:50:00,98900.0,98845.14937291846,100064.85340727039,PREFILL,NONE,,
2025-01-07 16:51:00,98700.1,98842.2771049495,100057.8188303101,PREFILL,NONE,,
2025-01-07 16:52:00,98700.1,98839.46171369786,100050.82168092529,PREFILL,NONE,,
2025-01-07 16:53:00,98700.1,98836.70207288701,100043.86174797636,PREFILL,NONE,,
2025-01-07 16:54:00,98700.1,98833.9970785432,100036.93882163828,PREFILL,NONE,,
2025-01-07 16:55:00,98700.2,98831.3476287537,100030.0532084965,PREFILL,NONE,,
2025-01-07 16:56:00,98949.9,98833.69520279755,100024.49019124423,PREFILL,NONE,,
2025-01-07 16:57:00,98700.2,98831.05173085688,100017.6709263053,PREFILL,NONE,,
2025-01-07 16:58:00,98700.3,98828.46258519625,100010.8883889488,PREFILL,NONE,,
2025-01-07 16:59:00,98919.9,98830.27322877034,100005.27229546061,PREFILL,NONE,,
2025-01-07 17:00:00,98929.9,98832.24603793357,99999.73747568595,PREFILL,NONE,,
2025-01-07 17:01:00,98929.9,98834.17978149776,99994.23202033051,PREFILL,NONE,,
2025-01-07 17:02:00,98700.4,98831.53067457573,99987.57492942276,PREFILL,NONE,,
2025-01-07 17:03:00,98929.8,98833.47660349519,99982.13326983244,PREFILL,NONE,,
2025-01-07 17:04:00,98929.8,98835.38399910273,99976.72045385132,PREFILL,NONE,,
2025-01-07 17:05:00,98929.9,98837.25560463648,99971.33683416367,PREFILL,NONE,,
2025-01-07 17:06:00,98939.7,98839.28420817753,99966.03212506701,PREFILL,NONE,,
2025-01-07 17:07:00,98939.7,98841.27264128663,99960.75550819065,PREFILL,NONE,,
2025-01-07 17:08:00,98781.5,98840.08902370103,99954.6936076824,PREFILL,NONE,,
2025-01-07 17:09:00,98791.4,98839.12488387813,99948.7146727528,PREFILL,NONE,,
2025-01-07 17:10:00,98929.8,98840.92043208236,99943.4785931865,PREFILL,NONE,,
2025-01-07 17:11:00,98929.7,98842.6784446242,99938.26969567053,PREFILL,NONE,,
2025-01-07 17:12:00,98771.6,98841.27094965424,99932.27613057481,PREFILL,NONE,,
2025-01-07 17:13:00,98771.6,98839.89132591168,99926.31424946182,PREFILL,NONE,,
2025-01-07 17:14:00,98949.7,98842.06575661109,99921.2985604873,PREFILL,NONE,,
2025-01-07 17:15:00,98949.8,98844.19910941701,99916.30988426626,PREFILL,NONE,,
2025-01-07 17:16:00,98939.6,98846.08823722326,99911.2951874028,PREFILL,NONE,,
2025-01-07 17:17:00,98929.0,98847.73005538135,99906.25255403253,PREFILL,NONE,,
2025-01-07 17:18:00,98721.7,98845.23440912101,99900.17251576761,PREFILL,NONE,,
2025-01-07 17:19:00,98949.0,98847.28917458754,99895.29107302996,PREFILL,NONE,,
2025-01-07 17:20:00,98949.9,98849.32107337154,99890.44000176879,PREFILL,NONE,,
2025-01-07 17:21:00,98949.9,98851.31273648699,99885.61451642115,PREFILL,NONE,,
2025-01-07 17:22:00,98949.1,98853.2491190882,99880.81037109034,PREFILL,NONE,,
2025-01-07 17:23:00,98949.0,98855.1451772354,99876.03103716779,PREFILL,NONE,,
2025-01-07 17:24:00,98949.9,98857.02151142592,99871.28150533853,PREFILL,NONE,,
2025-01-07 17:25:00,98949.0,98858.84286865003,99866.55238127708,PREFILL,NONE,,
2025-01-07 17:26:00,98949.8,98860.64400094748,99861.85226706229,PREFILL,NONE,,
2025-01-07 17:27:00,98949.8,98862.40946722026,99857.1769016313,PREFILL,NONE,,
2025-01-07 17:28:00,98711.7,98859.42511976889,99851.30576820843,PREFILL,NONE,,
2025-01-07 17:29:00,98700.1,98856.27016527961,99845.40608545097,PREFILL,NONE,,
2025-01-07 17:30:00,98949.9,98858.12422234734,99840.81743856089,PREFILL,NONE,,
2025-01-07 17:31:00,98949.8,98859.93958517807,99836.25241522604,PREFILL,NONE,,
2025-01-07 17:32:00,98700.1,98856.77444334452,99830.432262268,PREFILL,NONE,,
2025-01-07 17:33:00,98700.0,98853.66999744803,99824.64219442203,PREFILL,NONE,,
2025-01-07 17:34:00,98700.0,98850.62702578549,99818.8825577318,PREFILL,NONE,,
2025-01-07 17:35:00,98700.1,98847.64629124201,99813.15369641026,PREFILL,NONE,,
2025-01-07 17:36:00,98543.9,98841.63151050842,99806.65519431836,PREFILL,NONE,,
2025-01-07 17:37:00,98599.9,98836.84474582633,99800.47749875198,PREFILL,NONE,,
2025-01-07 17:38:00,98533.8,98830.84385719257,99793.99389931912,PREFILL,NONE,,
2025-01-07 17:39:00,98599.9,98826.27070958001,99787.8826263009,PREFILL,NONE,,
2025-01-07 17:40:00,98600.0,98821.79009962027,99781.80393463308,PREFILL,NONE,,
2025-01-07 17:41:00,98599.9,98817.39623448392,99775.75662186841,PREFILL,NONE,,
2025-01-07 17:42:00,98600.0,98813.0913568465,99769.74153863,PREFILL,NONE,,
2025-01-07 17:43:00,98599.9,98808.86974417896,99763.75748483487,PREFILL,NONE,,
2025-01-07 17:44:00,98599.8,98804.72974766741,99757.80429000226,PREFILL,NONE,,
2025-01-07 17:45:00,98599.8,98800.67173134667,99751.88229606318,PREFILL,NONE,,
2025-01-07 17:46:00,98542.4,98795.55743776474,99745.69782730815,PREFILL,NONE,,
2025-01-07 17:47:00,98599.9,98791.68303166638,99739.83973443112,PREFILL,NONE,,
2025-01-07 17:48:00,98542.4,98786.74673227355,99733.71837927787,PREFILL,NONE,,
2025-01-07 17:49:00,98542.4,98781.90818145161,99727.62907486157,PREFILL,NONE,,
2025-01-07 17:50:00,98542.3,98777.16346338394,99721.57113456234,PREFILL,NONE,,
2025-01-07 17:51:00,98542.3,98772.51270019237,99715.54489762848,PREFILL,NONE,,
2025-01-07 17:52:00,98532.4,98767.75799171421,99709.49960642234,PREFILL,NONE,,
2025-01-07 17:53:00,98599.8,98764.43208982979,99703.83027623912,PREFILL,NONE,,
2025-01-07 17:54:00,98700.1,98763.15818666351,99698.70295364881,PREFILL,NONE,,
2025-01-07 17:55:00,98502.1,98757.9887160401,99692.59112377824,PREFILL,NONE,,
2025-01-07 17:56:00,98949.9,98761.78894062377,99688.7981725742,PREFILL,NONE,,
2025-01-07 17:57:00,98949.8,98765.5119329922,99685.02453238216,PREFILL,NONE,,
2025-01-07 17:58:00,98837.0,98766.9275386871,99680.6946718492,PREFILL,NONE,,
2025-01-07 17:59:00,98949.8,98770.54877656685,99676.96329666863,PREFILL,NONE,,
2025-01-07 18:00:00,98949.9,98774.1002869243,99673.25191825892,PREFILL,NONE,,
2025-01-07 18:01:00,98949.8,98777.57949010689,99669.559406881,PREFILL,NONE,,
2025-01-07 18:02:00,98949.8,98780.98979813996,99665.88617002893,PREFILL,NONE,,
2025-01-07 18:03:00,98949.8,98784.33257528534,99662.23210273628,PREFILL,NONE,,
2025-01-07 18:04:00,98769.2,98784.03292025266,99657.6756354718,PREFILL,NONE,,
2025-01-07 18:05:00,98811.4,98784.57484275955,99653.35822634985,PREFILL,NONE,,
2025-01-07 18:06:00,98769.2,98784.27039035299,99648.84806792508,PREFILL,NONE,,
2025-01-07 18:07:00,98949.9,98787.55018539226,99645.28308540452,PREFILL,NONE,,
2025-01-07 18:08:00,98949.9,98790.76503396417,99641.73668668844,PREFILL,NONE,,
2025-01-07 18:09:00,98952.5,98793.96770729902,99638.22202913085,PREFILL,NONE,,
2025-01-07 18:10:00,98952.4,98797.1049811324,99634.72517510594,PREFILL,NONE,,
2025-01-07 18:11:00,98952.4,98800.18013070362,99631.24653774823,PREFILL,NONE,,
2025-01-07 18:12:00,98814.1,98800.45577173977,99627.08101374406,PREFILL,NONE,,
2025-01-07 18:13:00,98814.1,98800.72595453521,99622.93718040644,PREFILL,NONE,,
2025-01-07 18:14:00,98952.4,98803.72940160806,99619.51976978676,PREFILL,NONE,,
2025-01-07 18:15:00,98751.4,98802.69317562127,99615.09585641843,PREFILL,NONE,,
2025-01-07 18:16:00,98785.1,98802.34479583602,99610.8666800278,PREFILL,NONE,,
2025-01-07 18:17:00,98952.4,98805.31618660259,99607.51187854777,PREFILL,NONE,,
2025-01-07 18:18:00,98959.7,98808.37329240843,99604.21171611788,PREFILL,NONE,,
2025-01-07 18:19:00,98765.2,98807.51837556534,99599.93797650913,PREFILL,NONE,,
2025-01-07 18:20:00,98952.0,98810.37939836194,99596.63787478035,PREFILL,NONE,,
2025-01-07 18:21:00,98952.0,98813.18376722097,99593.35492827893,PREFILL,NONE,,
2025-01-07 18:22:00,98952.0,98815.93260400338,99590.08904430017,PREFILL,NONE,,
2025-01-07 18:23:00,98959.8,98818.78146382757,99586.8798453939,PREFILL,NONE,,
2025-01-07 18:24:00,98952.0,98821.41945509445,99583.6476082985,PREFILL,NONE,,
2025-01-07 18:25:00,98952.0,98824.0052088928,99580.43215986881,PREFILL,NONE,,
2025-01-07 18:26:00,98952.0,98826.53975962863,99577.23340952088,PREFILL,NONE,,
2025-01-07 18:27:00,98959.9,98829.1805568934,99574.09147445725,PREFILL,NONE,,
2025-01-07 18:28:00,98959.9,98831.76906112635,99570.96584915779,PREFILL,NONE,,
2025-01-07 18:29:00,98952.1,98834.15185236422,99567.81675548821,PREFILL,NONE,,
2025-01-07 18:30:00,98793.7,98833.35082546312,99563.87806653889,PREFILL,NONE,,
2025-01-07 18:31:00,98100.1,98818.83100497625,99556.43114409473,PREFILL,NONE,,
2025-01-07 18:32:00,98100.0,98804.59672557359,99549.02233927944,PREFILL,NONE,,
2025-01-07 18:33:00,98567.5,98799.90174023746,99544.02987224213,PREFILL,NONE,,
2025-01-07 18:34:00,98100.0,98786.04229789427,99536.68560898156,PREFILL,NONE,,
2025-01-07 18:35:00,98534.6,98781.06324180639,99531.5895535496,PREFILL,NONE,,
2025-01-07 18:36:00,98407.4,98773.66396869505,99525.8731044569,PREFILL,NONE,,
2025-01-07 18:37:00,98039.9,98759.13398719911,99518.31773968361,PREFILL,NONE,,
2025-01-07 18:38:00,98100.0,98746.0818273481,99511.10706452442,PREFILL,NONE,,
2025-01-07 18:39:00,98342.8,98738.096047576,99505.16800714632,PREFILL,NONE,,
2025-01-07 18:40:00,99000.0,98743.28226510034,99502.60024559453,PREFILL,NONE,,
2025-01-07 18:41:00,98205.3,98732.62914964193,99496.00671690257,PREFILL,NONE,,
2025-01-07 18:42:00,98880.0,98735.54738465101,99492.87615997772,PREFILL,NONE,,
2025-01-07 18:43:00,97549.7,98712.06525547334,99483.00183768595,PREFILL,NONE,,
2025-01-07 18:44:00,97200.1,98682.12534598882,99471.40227709486,PREFILL,NONE,,
2025-01-07 18:45:00,97792.0,98664.49909953128,99462.86993183506,PREFILL,NONE,,
2025-01-07 18:46:00,97200.2,98635.50307456164,99451.37531555376,PREFILL,NONE,,
2025-01-07 18:47:00,97781.9,98618.60004155559,99442.8949793734,PREFILL,NONE,,
2025-01-07 18:48:00,97397.0,98594.40993916047,99432.50352338926,PREFILL,NONE,,
2025-01-07 18:49:00,98195.3,98586.50677122781,99426.2201276108,PREFILL,NONE,,
2025-01-07 18:50:00,97992.6,98574.7462399076,99418.93985299251,PREFILL,NONE,,
2025-01-07 18:51:00,98002.6,98563.41661026438,99411.74798425072,PREFILL,NONE,,
2025-01-07 18:52:00,97442.8,98541.22618016855,99401.75099269458,PREFILL,NONE,,
2025-01-07 18:53:00,98039.8,98531.29694792641,99394.83654386525,PREFILL,NONE,,
2025-01-07 18:54:00,99819.7,98556.8098820475,99396.99332793032,PREFILL,NONE,,
2025-01-07 18:55:00,98894.2,98563.49087509744,99394.44116619138,PREFILL,NONE,,
2025-01-07 18:56:00,99732.4,98586.63759253135,99396.15648198155,PREFILL,NONE,,
2025-01-07 18:57:00,98442.9,98583.79130331852,99391.3186382088,PREFILL,NONE,,
2025-01-07 18:58:00,99384.6,98599.64890264782,99391.2845436314,PREFILL,NONE,,
2025-01-07 18:59:00,99000.1,98607.57862802193,99389.29960118001,PREFILL,NONE,,
2025-01-07 19:00:00,99285.0,98620.99291373327,99388.770411642,PREFILL,NONE,,
2025-01-07 19:01:00,99492.2,98638.24454061288,99389.29514171838,PREFILL,NONE,,
2025-01-07 19:02:00,99512.2,98655.55059069906,99389.91862234239,PREFILL,NONE,,
2025-01-07 19:03:00,99532.2,98672.90998630485,99390.64033597884,PREFILL,NONE,,
2025-01-07 19:04:00,99601.8,98691.30384937697,99391.71133959778,PREFILL,NONE,,
2025-01-07 19:05:00,99399.1,98705.31961579254,99391.7488117809,PREFILL,NONE,,
2025-01-07 19:06:00,99512.1,98721.29546616538,99392.359131176,PREFILL,NONE,,
2025-01-07 19:07:00,99583.9,98738.37674530041,99393.33038317737,PREFILL,NONE,,
2025-01-07 19:08:00,99553.4,98754.51582079682,99394.14198543751,PREFILL,NONE,,
2025-01-07 19:09:00,99629.9,98771.85016218548,99395.33725224648,PREFILL,NONE,,
2025-01-07 19:10:00,99629.9,98788.84124924192,99396.52636125455,PREFILL,NONE,,
2025-01-07 19:11:00,99630.0,98805.4978592816,99397.70985208145,PREFILL,NONE,,
2025-01-07 19:12:00,99589.9,98821.03057595747,99398.68399518676,PREFILL,NONE,,
2025-01-07 19:13:00,99599.9,98836.4537338601,99399.70380441392,PREFILL,NONE,,
2025-01-07 19:14:00,99533.5,98850.25663108852,99400.38185974352,PREFILL,NONE,,
2025-01-07 19:15:00,99600.0,98865.10303534972,99401.39340776703,PREFILL,NONE,,
2025-01-07 19:16:00,99599.9,98879.65347117365,99402.39924276476,PREFILL,NONE,,
2025-01-07 19:17:00,99600.0,98893.91775971913,99403.40040831498,PREFILL,NONE,,
2025-01-07 19:18:00,99503.5,98905.98869587194,99403.90753359144,PREFILL,NONE,,
2025-01-07 19:19:00,99520.7,98918.16119763738,99404.49918188217,PREFILL,NONE,,
2025-01-07 19:20:00,99500.7,98929.69662011063,99404.98647867776,PREFILL,NONE,,
2025-01-07 19:21:00,99593.8,98942.84718280857,99405.94282250696,PREFILL,NONE,,
2025-01-07 19:22:00,99600.0,98955.86011057996,99406.92564939168,PREFILL,NONE,,
2025-01-07 19:23:00,99599.9,98968.61337638782,99407.90291682244,PREFILL,NONE,,
2025-01-07 19:24:00,99413.9,98977.43093374565,99407.93328513067,PREFILL,NONE,,
2025-01-07 19:25:00,99490.7,98987.59467814553,99408.35237108167,PREFILL,NONE,,
2025-01-07 19:26:00,99413.5,98996.0284473129,99408.37843391592,PREFILL,NONE,,
2025-01-07 19:27:00,99413.5,99004.29521113385,99408.4043628333,PREFILL,NONE,,
2025-01-07 19:28:00,99403.5,99012.20025683417,99408.37953541541,PREFILL,NONE,,
2025-01-07 19:29:00,99500.1,99021.86163833768,99408.84381836164,PREFILL,NONE,,
2025-01-07 19:30:00,99500.1,99031.33170533828,99409.3057167716,PREFILL,NONE,,
2025-01-07 19:31:00,99500.1,99040.61424624268,99409.76524323916,PREFILL,NONE,,
2025-01-07 19:32:00,99393.7,99047.60604365397,99409.683940094,PREFILL,NONE,,
2025-01-07 19:33:00,99500.0,99056.56434020502,99410.14097903039,PREFILL,NONE,,
2025-01-07 19:34:00,99393.6,99063.23831394802,99410.05728051282,PREFILL,NONE,,
2025-01-07 19:35:00,99383.9,99069.58805056823,99409.92493243364,PREFILL,NONE,,
2025-01-07 19:36:00,99396.8,99076.06749537421,99409.85852896185,PREFILL,NONE,,
2025-01-07 19:37:00,99508.0,99084.6206146177,99410.3550242016,PREFILL,NONE,,
2025-01-07 19:38:00,99396.8,99090.80238486614,99410.28645457311,PREFILL,NONE,,
2025-01-07 19:39:00,99396.8,99096.86174381309,99410.21823666096,PREFILL,NONE,,
2025-01-07 19:40:00,99006.9,99095.08032307684,99408.17829486648,PREFILL,NONE,,
2025-01-07 19:41:00,99006.8,99093.33219780325,99406.14830793648,PREFILL,NONE,,
2025-01-07 19:42:00,99413.6,99099.67413470852,99406.18599253167,PREFILL,NONE,,
2025-01-07 19:43:00,99413.6,99105.89048869583,99406.22348393736,PREFILL,NONE,,
2025-01-07 19:44:00,99680.2,99117.26295465925,99407.60884171323,PREFILL,NONE,,
2025-01-07 19:45:00,99263.8,99120.16467842765,99406.88172479189,PREFILL,NONE,,
2025-01-07 19:46:00,99562.8,99128.92973459141,99407.67001456434,PREFILL,NONE,,
2025-01-07 19:47:00,99563.9,99137.54300745411,99408.45982636747,PREFILL,NONE,,
2025-01-07 19:48:00,100101.9,99156.63918613356,99411.96523565492,PREFILL,NONE,,
2025-01-07 19:49:00,99791.3,99169.20672739518,99413.88268118954,PREFILL,NONE,,
2025-01-07 19:50:00,99564.0,99177.02441620124,99414.64143693831,PREFILL,NONE,,
2025-01-07 19:51:00,99860.6,99190.56056678217,99416.89534737807,PREFILL,NONE,,
2025-01-07 19:52:00,99999.9,99206.58709068422,99419.84170369731,PREFILL,NONE,,
2025-01-07 19:53:00,100000.0,99222.29823785687,99422.77348113859,PREFILL,NONE,,
2025-01-07 19:54:00,99848.0,99234.68837211127,99424.92218331227,PREFILL,NONE,,
2025-01-07 19:55:00,99447.4,99238.90048367144,99425.03575799755,PREFILL,NONE,,
2025-01-07 19:56:00,99447.4,99243.02918707732,99425.14875145009,PREFILL,NONE,,
2025-01-07 19:57:00,98900.1,99236.23850992454,99422.49615888724,PREFILL,NONE,,
2025-01-07 19:58:00,99300.8,99237.51695530597,99421.88137885625,PREFILL,NONE,,
2025-01-07 19:59:00,99558.9,99243.88097615591,99422.57351986303,PREFILL,NONE,,
2025-01-07 20:00:00,99423.6,99247.43976879657,99422.57870473199,PREFILL,NONE,,
2025-01-07 20:01:00,99260.1,99247.69046645032,99421.75805833067,PREFILL,NONE,,
2025-01-07 20:02:00,99260.1,99247.93619979387,99420.94160849552,PREFILL,NONE,,
2025-01-07 20:03:00,99433.6,99251.61271077592,99421.00553535011,PREFILL,NONE,,
2025-01-07 20:04:00,99260.1,99251.78077591296,99420.19298814588,PREFILL,NONE,,
2025-01-07 20:05:00,99443.4,99255.57521608006,99420.31017254035,PREFILL,NONE,,
2025-01-07 20:06:00,99443.4,99259.29451881473,99420.42675798164,PREFILL,NONE,,
2025-01-07 20:07:00,99443.4,99262.94017198705,99420.54274760392,PREFILL,NONE,,
2025-01-07 20:08:00,99443.5,99266.51561420238,99420.65864938332,PREFILL,NONE,,
2025-01-07 20:09:00,99412.6,99269.4083743778,99420.6179670421,PREFILL,NONE,,
2025-01-07 20:10:00,99443.4,99272.8537531738,99420.73297020106,PREFILL,NONE,,
2025-01-07 20:11:00,99057.5,99268.58932233199,99418.89948965605,PREFILL,NONE,,
2025-01-07 20:12:00,99443.4,99272.05091997792,99419.02315273554,PREFILL,NONE,,
2025-01-07 20:13:00,99440.0,99275.37664439915,99419.12902425756,PREFILL,NONE,,
2025-01-07 20:14:00,98351.4,99257.08007683631,99413.74044674583,PREFILL,NONE,,
2025-01-07 20:15:00,98105.8,99234.28245112859,99407.13996959668,PREFILL,NONE,,
2025-01-07 20:16:00,98115.8,99212.1342833759,99400.62365023195,PREFILL,NONE,,
2025-01-07 20:17:00,98371.0,99195.4781586551,99395.42830021477,PREFILL,NONE,,
2025-01-07 20:18:00,98479.3,99181.29641269085,99390.80590298065,PREFILL,NONE,,
2025-01-07 20:19:00,98413.8,99166.09846366388,99385.87662915533,PREFILL,NONE,,
2025-01-07 20:20:00,98423.8,99151.39948393812,99381.02295810149,PREFILL,NONE,,
2025-01-07 20:21:00,98522.2,99138.94008801114,99376.69045018271,PREFILL,NONE,,
2025-01-07 20:22:00,98522.3,99126.72939300169,99372.38054936672,PREFILL,NONE,,
2025-01-07 20:23:00,97960.5,99103.63574128927,99365.25884171815,PREFILL,NONE,,
2025-01-07 20:24:00,98547.9,99092.63107297405,99361.13621159877,PREFILL,NONE,,
2025-01-07 20:25:00,98108.7,99073.14728905425,99354.81947500531,PREFILL,NONE,,
2025-01-07 20:26:00,98275.4,99057.3503127977,99349.37566363074,PREFILL,NONE,,
2025-01-07 20:27:00,98108.8,99038.56713801216,99343.11944572005,PREFILL,NONE,,
2025-01-07 20:28:00,98157.7,99021.12422413813,99337.14171193982,PREFILL,NONE,,
2025-01-07 20:29:00,98118.8,99003.25641746848,99330.99829954021,PREFILL,NONE,,
2025-01-07 20:30:00,98128.7,98985.9384683692,99324.93611790544,PREFILL,NONE,,
2025-01-07 20:31:00,98128.7,98968.96344896441,99318.90483225496,PREFILL,NONE,,
2025-01-07 20:32:00,98128.7,98952.32456856672,99312.90428181317,PREFILL,NONE,,
2025-01-07 20:33:00,98118.7,98935.81715115327,99306.88389328521,PREFILL,NONE,,
2025-01-07 20:34:00,97725.7,98911.8544349842,99298.91303827328,PREFILL,NONE,,
2025-01-07 20:35:00,97745.7,98888.76226766706,99291.08360539484,PREFILL,NONE,,
2025-01-07 20:36:00,98072.6,98872.60063840692,99284.94180306104,PREFILL,NONE,,
2025-01-07 20:37:00,98309.6,98861.45211078021,99280.02582464753,PREFILL,NONE,,
2025-01-07 20:38:00,97500.0,98834.49266272559,99271.05450085114,PREFILL,NONE,,
2025-01-07 20:39:00,98092.7,98819.80369893828,99265.11590994667,PREFILL,NONE,,
2025-01-07 20:40:00,98092.8,98805.40758592568,99259.20806031687,PREFILL,NONE,,
2025-01-07 20:41:00,98259.6,98794.5995147978,99254.17082815565,PREFILL,NONE,,
2025-01-07 20:42:00,98249.6,98783.8074450809,99249.10884916196,PREFILL,NONE,,
2025-01-07 20:43:00,98358.4,98775.38353518788,99244.62084538047,PREFILL,NONE,,
2025-01-07 20:44:00,98500.7,98769.94425720675,99240.87265226267,PREFILL,NONE,,
2025-01-07 20:45:00,97267.0,98740.18298448317,99230.92793921572,PREFILL,NONE,,
2025-01-07 20:46:00,97267.1,98711.01302410266,99221.03433421264,PREFILL,NONE,,
2025-01-07 20:47:00,96518.8,98667.602864784,99207.42138392979,PREFILL,NONE,,
2025-01-07 20:48:00,97000.0,98634.58102556008,99196.30169280525,PREFILL,NONE,,
2025-01-07 20:49:00,96616.4,98594.61704447954,99183.30631309791,PREFILL,NONE,,
2025-01-07 20:50:00,96790.6,98558.89393435807,99171.25446475044,PREFILL,NONE,,
2025-01-07 20:51:00,97000.0,98528.02474725977,99160.31858962658,PREFILL,NONE,,
2025-01-07 20:52:00,97010.0,98497.9648510078,99149.48869351509,PREFILL,NONE,,
2025-01-07 20:53:00,97009.9,98468.49822003859,99138.71336434576,PREFILL,NONE,,
2025-01-07 20:54:00,97019.9,98439.81310652604,99128.04318220375,PREFILL,NONE,,
2025-01-07 20:55:00,96680.2,98404.96928234337,99115.71662756128,PREFILL,NONE,,
2025-01-07 20:56:00,96600.7,98369.24117744999,99103.05241871729,PREFILL,NONE,,
2025-01-07 20:57:00,97267.0,98347.4146193055,99093.8075345466,PREFILL,NONE,,
2025-01-07 20:58:00,97081.6,98322.34898308247,99083.67615771765,PREFILL,NONE,,
2025-01-07 20:59:00,97267.1,98301.45296345434,99074.53021005198,PREFILL,NONE,,
2025-01-07 21:00:00,97267.0,98280.96874620141,99065.43023557063,PREFILL,NONE,,
2025-01-07 21:01:00,97034.9,98256.29411738097,99055.20805186513,PREFILL,NONE,,
2025-01-07 21:02:00,97267.0,98236.70413471632,99046.20619754354,PREFILL,NONE,,
2025-01-07 21:03:00,96859.9,98209.44068631004,99035.20082531878,PREFILL,NONE,,
2025-01-07 21:04:00,96936.7,98184.23790026669,99024.63793399367,PREFILL,NONE,,
2025-01-07 21:05:00,96916.6,98159.13615949565,99014.02752542483,PREFILL,NONE,,
2025-01-07 21:06:00,97267.0,98141.47009681295,99005.23459671273,PREFILL,NONE,,
2025-01-07 21:07:00,97267.0,98124.15385715831,98996.48632198205,PREFILL,NONE,,
2025-01-07 21:08:00,97010.0,98102.09140439921,98986.48908651735,PREFILL,NONE,,
2025-01-07 21:09:00,96865.0,98077.5945447515,98975.81291452353,PREFILL,NONE,,
2025-01-07 21:10:00,97029.6,98056.84217740028,98966.01924092343,PREFILL,NONE,,
2025-01-07 21:11:00,96916.7,98034.26510444353,98955.70717910977,PREFILL,NONE,,
2025-01-07 21:12:00,96916.7,98012.13510224377,98945.44746269833,PREFILL,NONE,,
2025-01-07 21:13:00,97010.0,97992.29084267776,98935.70926028115,PREFILL,NONE,,
2025-01-07 21:14:00,96825.1,97969.1781525917,98925.09019831393,PREFILL,NONE,,
2025-01-07 21:15:00,96926.7,97948.53502074163,98915.03618147744,PREFILL,NONE,,
2025-01-07 21:16:00,96650.5,97922.8313568235,98903.64366466342,PREFILL,NONE,,
2025-01-07 21:17:00,97267.0,97909.84459721258,98895.4103305436,PREFILL,NONE,,
2025-01-07 21:18:00,97062.8,97893.07143678328,98886.19155961942,PREFILL,NONE,,
2025-01-07 21:19:00,97102.9,97877.42447755819,98877.22126663824,PREFILL,NONE,,
2025-01-07 21:20:00,97082.9,97861.69131950704,98868.19587715036,PREFILL,NONE,,
2025-01-07 21:21:00,96753.1,97839.73901604144,98857.5574512074,PREFILL,NONE,,
2025-01-07 21:22:00,96743.4,97818.0293324498,98846.9241943588,PREFILL,NONE,,
2025-01-07 21:23:00,97267.1,97807.11984066607,98838.978726237,PREFILL,NONE,,
2025-01-07 21:24:00,97119.8,97793.50954672784,98830.33275867633,PREFILL,NONE,,
2025-01-07 21:25:00,97267.1,97783.08559525969,98822.47139013566,PREFILL,NONE,,
2025-01-07 21:26:00,97856.4,97784.53736565712,98817.61329789629,PREFILL,NONE,,
2025-01-07 21:27:00,97521.9,97779.33662572021,98811.09780060717,PREFILL,NONE,,
2025-01-07 21:28:00,97934.4,97782.4071876004,98806.68950431967,PREFILL,NONE,,
2025-01-07 21:29:00,97440.1,97775.62882742121,98799.81816751268,PREFILL,NONE,,
2025-01-07 21:30:00,97872.5,97777.54706847033,98795.15571620538,PREFILL,NONE,,
2025-01-07 21:31:00,98000.0,97781.95207703338,98791.1579241542,PREFILL,NONE,,
2025-01-07 21:32:00,97721.7,97780.75896659232,98785.78124304162,PREFILL,NONE,,
2025-01-07 21:33:00,97751.4,97780.17760091495,98780.58111708573,PREFILL,NONE,,
2025-01-07 21:34:00,97902.1,97782.59190585655,98776.16492053586,PREFILL,NONE,,
2025-01-07 21:35:00,98000.0,97786.89701664782,98772.26323020364,PREFILL,NONE,,
2025-01-07 21:36:00,97886.0,97788.85945196895,98767.8082638493,PREFILL,NONE,,
2025-01-07 21:37:00,97898.1,97791.02263114568,98763.43668526644,PREFILL,NONE,,
2025-01-07 21:38:00,98000.0,97795.1607968802,98759.59942903995,PREFILL,NONE,,
2025-01-07 21:39:00,97918.1,97797.59523655436,98755.36997055571,PREFILL,NONE,,
2025-01-07 21:40:00,97908.4,97799.78939029342,98751.11318076472,PREFILL,NONE,,
2025-01-07 21:41:00,97898.4,97801.74207564064,98746.82769059688,PREFILL,NONE,,
2025-01-07 21:42:00,97793.5,97801.57886622148,98742.03672388106,PREFILL,NONE,,
2025-01-07 21:43:00,97799.9,97801.54562134571,98737.30217744112,PREFILL,NONE,,
2025-01-07 21:44:00,97799.9,97801.51303478431,98732.59160169862,PREFILL,NONE,,
2025-01-07 21:45:00,97707.7,97799.65535092149,98727.44157316333,PREFILL,NONE,,
2025-01-07 21:46:00,97678.1,97797.24831426231,98722.16888205158,PREFILL,NONE,,
2025-01-07 21:47:00,97721.5,97795.74834763883,98717.14094679459,PREFILL,NONE,,
2025-01-07 21:48:00,97800.0,97795.83253877495,98712.53287456147,PREFILL,NONE,,
2025-01-07 21:49:00,97579.2,97791.54278551972,98706.83878000606,PREFILL,NONE,,
2025-01-07 21:50:00,97678.0,97789.29441352298,98701.66987455949,PREFILL,NONE,,
2025-01-07 21:51:00,97260.4,97778.82125679101,98694.42917170726,PREFILL,NONE,,
2025-01-07 21:52:00,97260.4,97768.55548930238,98687.22510649472,PREFILL,NONE,,
2025-01-07 21:53:00,97177.1,97756.84349938453,98679.63903572134,PREFILL,NONE,,
2025-01-07 21:54:00,97110.7,97744.0485785718,98671.75779809347,PREFILL,NONE,,
2025-01-07 21:55:00,97090.7,97731.11098292397,98663.81596839335,PREFILL,NONE,,
2025-01-07 21:56:00,97120.7,97719.02363669766,98656.06500051898,PREFILL,NONE,,
2025-01-07 21:57:00,97120.7,97707.17564386313,98648.35323824493,PREFILL,NONE,,
2025-01-07 21:58:00,97199.9,97697.13058158463,98641.07826871418,PREFILL,NONE,,
2025-01-07 21:59:00,97120.8,97685.71809479407,98633.44281995663,PREFILL,NONE,,
2025-01-07 22:00:00,97199.9,97676.09793447921,98626.24324255428,PREFILL,NONE,,
2025-01-07 22:01:00,97199.9,97666.66827238927,98619.08007159554,PREFILL,NONE,,
2025-01-07 22:02:00,97110.8,97655.66097984262,98611.5056710418,PREFILL,NONE,,
2025-01-07 22:03:00,97199.9,97646.6360099254,98604.41700114733,PREFILL,NONE,,
2025-01-07 22:04:00,97200.0,97637.79173248254,98597.36467166412,PREFILL,NONE,,
2025-01-07 22:05:00,97209.9,97629.31862885159,98590.39770580635,PREFILL,NONE,,
